emd_nm,std_ym,m_0g_pop,m_10g_pop,m_20g_pop,m_30g_pop,m_40g_pop,m_50g_pop,m_60g_pop,m_70g_pop,m_80g_pop,m_90g_pop,m_100g_pop,w_0g_pop,w_10g_pop,w_20g_pop,w_30g_pop,w_40g_pop,w_50g_pop,w_60g_pop,w_70g_pop,w_80g_pop,w_90g_pop,w_100g_pop
전라북도 완주군 삼례읍(4571025000),201801,453,737,939,780,"1,290","1,306","1,012",631,249,27,0,499,693,735,657,"1,005","1,085","1,001",844,531,79,4
전라북도 완주군 봉동읍(4571025300),201801,"2,086","1,735","1,469","2,324","2,637","1,827","1,143",653,234,23,1,"1,885","1,613","1,179","2,325","2,010","1,555","1,144",882,499,75,4
전라북도 완주군 용진읍(4571025600),201801,253,374,424,431,646,737,564,358,129,12,0,272,256,370,350,454,594,537,464,265,33,6
전라북도 완주군 상관면(4571032000),201801,226,221,233,260,410,419,357,209,73,9,0,193,224,215,228,361,344,335,248,153,29,4
전라북도 완주군 이서면(4571033000),201801,"1,078",725,788,"1,480","1,384","1,147",712,370,130,9,0,"1,032",688,768,"1,437","1,163","1,018",662,504,261,41,0
전라북도 완주군 소양면(4571034000),201801,154,261,344,318,424,690,626,380,142,12,2,130,193,278,239,319,597,562,434,280,58,3
전라북도 완주군 구이면(4571035000),201801,139,244,324,240,389,715,543,325,123,12,1,143,221,301,213,338,558,474,440,256,42,4
전라북도 완주군 고산면(4571036000),201801,124,191,270,229,353,484,401,284,113,10,0,107,147,199,185,232,406,394,371,243,43,0
전라북도 완주군 비봉면(4571037000),201801,49,57,89,70,151,203,193,139,56,3,2,34,68,65,63,86,150,164,178,130,27,0
전라북도 완주군 운주면(4571038000),201801,24,44,71,72,130,209,228,157,57,2,0,37,29,63,50,82,193,204,215,136,12,0
전라북도 완주군 화산면(4571039000),201801,64,130,127,92,234,295,275,187,96,15,0,58,94,100,69,141,194,235,252,172,34,1
전라북도 완주군 동상면(4571040000),201801,27,30,59,41,75,158,103,59,33,0,0,29,25,63,26,53,133,88,84,57,5,0
전라북도 완주군 경천면(4571041000),201801,14,25,45,34,60,108,101,81,37,2,0,13,20,35,31,28,101,90,107,68,8,0
전라북도 완주군 삼례읍(4571025000),201802,452,729,940,783,"1,279","1,305","1,013",633,246,30,0,491,681,723,653,998,"1,085","1,003",839,534,83,4
전라북도 완주군 봉동읍(4571025300),201802,"2,022","1,726","1,459","2,263","2,616","1,828","1,139",662,234,25,1,"1,839","1,592","1,156","2,287","1,982","1,548","1,147",894,501,75,4
전라북도 완주군 용진읍(4571025600),201802,254,364,424,427,647,742,562,356,130,12,0,261,258,366,338,458,600,538,461,263,36,6
전라북도 완주군 상관면(4571032000),201802,219,217,229,256,406,420,354,208,73,8,0,190,217,213,231,360,346,333,244,155,30,4
전라북도 완주군 이서면(4571033000),201802,"1,061",726,781,"1,470","1,384","1,155",718,376,129,9,0,"1,024",696,762,"1,416","1,166","1,032",663,498,266,41,0
전라북도 완주군 소양면(4571034000),201802,149,256,340,318,417,693,629,386,144,12,2,128,194,273,237,320,593,563,433,283,57,3
전라북도 완주군 구이면(4571035000),201802,139,243,316,242,395,708,540,332,124,12,1,144,216,306,211,343,559,475,433,260,41,4
전라북도 완주군 고산면(4571036000),201802,124,196,268,231,361,483,404,280,118,10,0,111,151,199,179,243,405,391,371,242,44,0
전라북도 완주군 비봉면(4571037000),201802,45,58,86,71,149,204,196,141,58,3,2,36,69,63,63,87,150,163,177,132,27,0
전라북도 완주군 운주면(4571038000),201802,27,51,70,71,128,212,228,154,59,2,0,36,29,65,51,82,193,205,214,138,12,0
전라북도 완주군 화산면(4571039000),201802,64,131,128,90,232,299,275,186,98,15,0,58,95,100,70,142,190,237,251,174,35,1
전라북도 완주군 동상면(4571040000),201802,28,29,56,40,75,160,101,60,33,0,0,29,26,61,28,51,134,88,84,55,6,0
전라북도 완주군 경천면(4571041000),201802,13,26,43,36,59,105,102,81,38,2,0,14,20,34,30,29,100,92,107,69,8,0
전라북도 완주군 삼례읍(4571025000),201803,443,734,941,774,"1,259","1,315","1,015",637,249,29,0,488,665,721,645,"1,001","1,100",991,832,539,86,3
전라북도 완주군 봉동읍(4571025300),201803,"2,003","1,728","1,459","2,227","2,625","1,834","1,148",661,242,24,1,"1,835","1,603","1,158","2,276","1,986","1,543","1,157",885,508,79,4
전라북도 완주군 용진읍(4571025600),201803,248,362,421,403,648,738,564,356,129,12,0,254,261,360,336,458,599,540,464,265,36,6
전라북도 완주군 상관면(4571032000),201803,222,216,231,251,409,425,358,210,73,9,0,187,220,209,230,361,346,336,243,154,33,4
전라북도 완주군 이서면(4571033000),201803,"1,057",716,768,"1,450","1,372","1,156",721,375,129,9,0,"1,013",692,752,"1,409","1,153","1,035",658,498,268,40,0
전라북도 완주군 소양면(4571034000),201803,149,254,340,315,416,699,636,387,144,11,2,132,188,273,238,319,592,567,436,283,55,3
전라북도 완주군 구이면(4571035000),201803,136,240,323,243,399,720,545,327,128,11,1,146,212,308,215,343,562,481,433,260,42,4
전라북도 완주군 고산면(4571036000),201803,128,193,271,228,360,479,407,282,119,9,0,114,149,200,180,241,408,393,373,241,46,0
전라북도 완주군 비봉면(4571037000),201803,46,57,85,69,151,205,198,141,59,3,2,33,70,63,63,87,149,165,177,132,27,0
전라북도 완주군 운주면(4571038000),201803,26,49,70,72,128,212,228,156,56,3,0,34,30,65,51,82,194,205,213,140,12,0
전라북도 완주군 화산면(4571039000),201803,68,130,126,90,228,301,278,188,98,15,0,57,94,103,69,142,192,240,248,174,36,1
전라북도 완주군 동상면(4571040000),201803,31,30,55,40,73,162,105,60,32,1,0,30,26,60,26,51,135,91,84,56,6,0
전라북도 완주군 경천면(4571041000),201803,13,26,42,36,59,104,98,84,39,2,0,16,19,34,28,29,99,93,105,72,8,0
전라북도 완주군 삼례읍(4571025000),201804,441,730,945,774,"1,260","1,315","1,008",641,251,32,0,479,669,710,638,999,"1,094",990,834,540,86,3
전라북도 완주군 봉동읍(4571025300),201804,"1,996","1,736","1,475","2,218","2,633","1,849","1,153",662,244,26,1,"1,822","1,612","1,160","2,273","2,000","1,545","1,165",882,506,84,3
전라북도 완주군 용진읍(4571025600),201804,249,360,415,401,639,745,568,351,134,11,0,251,261,358,330,458,597,544,460,267,36,6
전라북도 완주군 상관면(4571032000),201804,223,214,233,252,399,428,356,207,75,9,0,184,218,213,226,361,345,335,247,156,32,4
전라북도 완주군 이서면(4571033000),201804,"1,061",719,775,"1,433","1,360","1,163",726,373,132,8,0,"1,003",700,746,"1,402","1,156","1,037",655,499,273,39,0
전라북도 완주군 소양면(4571034000),201804,152,248,339,317,413,705,632,388,147,12,2,137,183,276,233,314,596,568,438,286,50,3
전라북도 완주군 구이면(4571035000),201804,133,236,321,240,396,716,547,322,129,10,1,140,214,307,209,339,560,477,434,261,43,4
전라북도 완주군 고산면(4571036000),201804,125,197,271,225,367,481,398,289,120,9,0,114,150,197,184,245,404,393,380,241,44,0
전라북도 완주군 비봉면(4571037000),201804,42,55,89,69,146,205,199,142,58,4,2,33,69,64,63,88,150,164,174,135,27,0
전라북도 완주군 운주면(4571038000),201804,26,49,69,70,128,211,230,156,56,4,0,36,30,65,47,84,193,204,217,139,12,0
전라북도 완주군 화산면(4571039000),201804,64,127,127,91,221,300,279,187,98,15,0,53,93,104,68,140,190,241,247,170,38,1
전라북도 완주군 동상면(4571040000),201804,31,30,56,39,73,164,105,59,33,1,0,29,27,60,25,50,140,91,85,54,7,0
전라북도 완주군 경천면(4571041000),201804,11,25,43,35,56,104,102,84,39,2,0,15,19,35,26,29,99,96,104,73,8,0
전라북도 완주군 삼례읍(4571025000),201805,442,735,945,761,"1,264","1,327","1,012",638,252,33,0,474,664,723,637,"1,001","1,096",993,840,543,89,3
전라북도 완주군 봉동읍(4571025300),201805,"1,974","1,749","1,487","2,219","2,629","1,855","1,149",656,247,24,1,"1,825","1,602","1,146","2,271","2,007","1,550","1,160",881,503,90,3
전라북도 완주군 용진읍(4571025600),201805,247,360,418,393,636,749,569,353,136,12,0,253,259,361,330,460,603,545,458,270,39,6
전라북도 완주군 상관면(4571032000),201805,222,211,231,254,394,426,356,212,72,9,0,184,217,215,230,359,345,338,247,158,32,4
전라북도 완주군 이서면(4571033000),201805,"1,053",715,779,"1,437","1,354","1,164",731,375,137,8,0,"1,002",695,745,"1,402","1,156","1,047",653,499,268,37,0
전라북도 완주군 소양면(4571034000),201805,149,244,335,318,406,705,640,390,148,11,3,135,182,270,234,307,597,568,439,289,50,3
전라북도 완주군 구이면(4571035000),201805,133,236,325,242,402,718,553,322,130,10,1,143,214,308,214,337,561,481,432,259,45,4
전라북도 완주군 고산면(4571036000),201805,128,194,271,223,363,488,398,285,122,9,0,112,147,194,183,245,404,393,377,244,46,0
전라북도 완주군 비봉면(4571037000),201805,44,56,90,72,140,207,198,143,60,4,2,33,70,64,61,87,152,163,171,139,27,0
전라북도 완주군 운주면(4571038000),201805,25,47,71,71,126,213,230,156,56,5,0,37,31,65,45,87,191,200,217,140,13,0
전라북도 완주군 화산면(4571039000),201805,64,127,126,89,222,304,278,187,100,15,0,55,94,100,71,140,189,237,245,175,35,1
전라북도 완주군 동상면(4571040000),201805,31,29,57,38,73,159,106,58,34,1,0,31,27,56,26,47,140,91,84,54,7,0
전라북도 완주군 경천면(4571041000),201805,12,25,42,35,55,103,103,83,38,2,0,17,19,34,25,29,99,95,104,75,8,0
전라북도 완주군 삼례읍(4571025000),201806,438,726,930,765,"1,248","1,324","1,015",640,252,31,0,478,661,710,638,987,"1,096",990,847,547,87,3
전라북도 완주군 봉동읍(4571025300),201806,"1,965","1,755","1,487","2,213","2,633","1,859","1,152",664,246,24,1,"1,827","1,595","1,151","2,268","2,007","1,554","1,159",878,512,89,3
전라북도 완주군 용진읍(4571025600),201806,246,353,425,385,635,749,570,354,138,12,0,251,256,364,316,471,603,549,459,270,35,6
전라북도 완주군 상관면(4571032000),201806,221,209,232,253,393,428,357,216,71,10,0,181,218,213,226,361,345,334,251,157,32,4
전라북도 완주군 이서면(4571033000),201806,"1,051",718,777,"1,436","1,363","1,166",735,382,138,9,0,"1,000",691,745,"1,405","1,158","1,048",660,498,269,38,0
전라북도 완주군 소양면(4571034000),201806,150,244,332,318,406,707,643,395,145,11,3,135,183,269,234,306,598,569,440,287,48,3
전라북도 완주군 구이면(4571035000),201806,132,230,323,239,395,717,559,320,130,12,1,146,215,303,207,335,565,482,431,259,45,4
전라북도 완주군 고산면(4571036000),201806,127,199,267,224,365,487,399,282,124,9,0,114,148,196,181,249,402,396,376,248,46,0
전라북도 완주군 비봉면(4571037000),201806,45,56,89,71,138,210,198,143,61,4,2,34,70,64,60,88,151,162,170,138,28,0
전라북도 완주군 운주면(4571038000),201806,28,46,71,72,131,215,229,155,57,5,0,38,31,62,44,87,194,196,219,137,12,0
전라북도 완주군 화산면(4571039000),201806,64,128,128,87,219,310,277,188,102,14,0,54,96,96,69,143,191,236,241,177,35,2
전라북도 완주군 동상면(4571040000),201806,31,28,56,38,73,159,109,58,35,1,0,31,27,54,27,46,138,93,86,53,7,0
전라북도 완주군 경천면(4571041000),201806,10,26,42,35,55,102,103,82,39,2,0,16,20,32,25,30,99,94,105,75,8,0
전라북도 완주군 삼례읍(4571025000),201807,437,719,910,763,"1,223","1,318","1,022",638,252,32,0,477,653,712,623,986,"1,091",993,840,557,87,3
전라북도 완주군 봉동읍(4571025300),201807,"1,950","1,758","1,491","2,191","2,613","1,880","1,157",666,248,25,1,"1,829","1,601","1,142","2,260","1,995","1,574","1,157",876,518,89,3
전라북도 완주군 용진읍(4571025600),201807,249,350,419,378,639,750,569,355,138,12,0,251,254,356,321,463,601,550,460,273,34,6
전라북도 완주군 상관면(4571032000),201807,219,211,236,250,395,426,355,215,70,10,0,180,222,207,222,359,345,336,252,159,32,4
전라북도 완주군 이서면(4571033000),201807,"1,047",718,776,"1,426","1,355","1,174",734,383,140,9,0,993,696,744,"1,401","1,150","1,052",670,494,275,37,0
전라북도 완주군 소양면(4571034000),201807,148,241,332,314,398,718,641,396,147,11,3,136,183,272,237,301,599,569,438,290,46,3
전라북도 완주군 구이면(4571035000),201807,133,229,320,240,395,716,563,318,131,12,1,143,211,300,211,327,574,484,424,262,45,4
전라북도 완주군 고산면(4571036000),201807,126,194,260,225,367,482,403,278,123,10,0,115,146,195,182,247,398,398,369,256,46,0
전라북도 완주군 비봉면(4571037000),201807,41,57,88,72,138,211,197,143,63,4,2,34,66,64,56,88,154,164,170,138,28,0
전라북도 완주군 운주면(4571038000),201807,31,45,70,72,131,216,227,154,59,5,0,36,32,61,41,86,192,197,216,138,12,0
전라북도 완주군 화산면(4571039000),201807,63,128,127,86,217,308,279,190,100,13,0,54,95,97,69,141,192,232,244,174,34,2
전라북도 완주군 동상면(4571040000),201807,31,29,56,36,73,159,110,59,34,1,0,29,27,55,26,47,137,93,86,54,7,0
전라북도 완주군 경천면(4571041000),201807,11,25,45,37,54,104,103,80,39,2,0,17,22,32,25,31,97,95,106,75,8,0
전라북도 완주군 삼례읍(4571025000),201808,432,711,910,752,"1,207","1,319","1,018",634,255,32,0,472,648,707,617,980,"1,094",991,837,556,88,4
전라북도 완주군 봉동읍(4571025300),201808,"1,944","1,751","1,509","2,170","2,610","1,879","1,176",662,251,25,1,"1,816","1,607","1,143","2,257","2,003","1,574","1,163",872,518,92,3
전라북도 완주군 용진읍(4571025600),201808,247,345,423,375,643,743,574,356,139,12,0,248,254,351,318,457,597,555,458,276,34,6
전라북도 완주군 상관면(4571032000),201808,213,211,238,248,388,431,359,217,71,10,0,181,221,208,223,352,347,347,251,157,34,4
전라북도 완주군 이서면(4571033000),201808,"1,036",708,777,"1,409","1,345","1,167",728,387,143,9,0,984,697,744,"1,399","1,144","1,045",676,497,276,37,0
전라북도 완주군 소양면(4571034000),201808,145,242,338,316,401,718,642,399,148,9,4,144,185,275,232,303,592,578,435,294,47,3
전라북도 완주군 구이면(4571035000),201808,126,234,325,238,394,711,571,317,133,12,1,141,207,300,210,321,573,493,425,264,46,4
전라북도 완주군 고산면(4571036000),201808,127,192,255,225,363,488,403,278,124,10,0,112,147,192,186,244,398,396,371,258,46,0
전라북도 완주군 비봉면(4571037000),201808,41,57,87,73,134,212,197,144,62,6,2,34,67,64,58,87,152,169,167,143,28,0
전라북도 완주군 운주면(4571038000),201808,29,46,71,71,135,219,225,155,60,5,0,36,32,59,39,87,187,195,221,136,12,0
전라북도 완주군 화산면(4571039000),201808,63,123,130,84,214,309,280,190,100,13,0,50,96,97,68,135,195,233,241,175,34,2
전라북도 완주군 동상면(4571040000),201808,31,29,56,35,71,162,110,61,34,1,0,29,27,53,27,47,136,93,86,54,6,0
전라북도 완주군 경천면(4571041000),201808,11,24,45,34,56,101,107,80,39,2,0,15,22,30,24,31,97,96,106,75,8,0
전라북도 완주군 삼례읍(4571025000),201809,425,711,906,749,"1,204","1,312","1,024",628,261,33,0,465,650,708,609,969,"1,100",996,839,564,88,4
전라북도 완주군 봉동읍(4571025300),201809,"1,922","1,761","1,513","2,160","2,611","1,897","1,174",672,251,26,1,"1,792","1,627","1,145","2,236","2,008","1,578","1,169",873,516,93,3
전라북도 완주군 용진읍(4571025600),201809,247,346,423,372,640,737,574,356,143,12,0,248,256,348,324,455,596,563,457,278,34,6
전라북도 완주군 상관면(4571032000),201809,209,213,237,244,387,435,355,217,70,10,0,183,217,208,223,351,350,346,251,157,34,4
전라북도 완주군 이서면(4571033000),201809,"1,030",707,778,"1,408","1,339","1,172",729,386,143,9,0,976,695,744,"1,384","1,150","1,053",681,496,279,37,0
전라북도 완주군 소양면(4571034000),201809,140,241,336,319,395,723,637,398,151,10,4,145,187,273,233,301,588,574,436,294,48,3
전라북도 완주군 구이면(4571035000),201809,125,233,324,234,392,708,572,317,134,13,1,137,209,300,211,319,572,498,427,265,46,4
전라북도 완주군 고산면(4571036000),201809,126,197,254,222,362,492,399,279,125,9,0,115,143,190,186,242,400,394,368,262,44,0
전라북도 완주군 비봉면(4571037000),201809,41,55,89,71,134,211,198,145,61,6,2,34,64,63,57,85,153,169,166,140,29,0
전라북도 완주군 운주면(4571038000),201809,29,44,69,71,132,222,225,154,59,5,0,37,30,60,39,86,186,195,219,136,14,0
전라북도 완주군 화산면(4571039000),201809,60,119,130,88,215,309,282,190,101,11,0,50,93,101,67,135,199,234,240,179,35,2
전라북도 완주군 동상면(4571040000),201809,31,29,55,37,72,161,111,61,35,1,0,29,26,53,26,47,134,91,87,54,6,0
전라북도 완주군 경천면(4571041000),201809,9,24,46,33,55,103,107,78,39,2,0,15,20,28,25,30,98,98,106,75,7,0
전라북도 완주군 삼례읍(4571025000),201810,428,714,907,748,"1,190","1,324","1,021",632,265,30,0,462,648,714,610,974,"1,090","1,003",834,571,87,4
전라북도 완주군 봉동읍(4571025300),201810,"1,908","1,765","1,520","2,147","2,595","1,915","1,169",679,258,26,1,"1,785","1,630","1,142","2,232","2,008","1,584","1,174",874,514,95,3
전라북도 완주군 용진읍(4571025600),201810,250,348,422,364,636,743,580,358,147,12,0,249,255,348,321,451,601,563,462,278,35,6
전라북도 완주군 상관면(4571032000),201810,205,211,234,246,389,434,353,221,69,10,0,181,216,207,217,348,349,350,253,160,34,4
전라북도 완주군 이서면(4571033000),201810,"1,017",709,760,"1,404","1,337","1,176",734,387,142,10,0,974,696,743,"1,390","1,143","1,055",682,489,280,39,0
전라북도 완주군 소양면(4571034000),201810,141,240,348,318,402,729,638,402,145,11,3,147,186,272,232,299,590,573,435,293,49,3
전라북도 완주군 구이면(4571035000),201810,122,231,325,226,393,703,574,320,131,13,1,135,210,296,214,310,576,497,427,260,50,4
전라북도 완주군 고산면(4571036000),201810,123,193,253,220,351,497,405,277,127,8,0,110,140,192,182,240,398,401,367,266,45,0
전라북도 완주군 비봉면(4571037000),201810,41,53,90,70,135,207,199,146,61,6,2,35,61,62,55,89,150,171,165,138,29,0
전라북도 완주군 운주면(4571038000),201810,26,47,65,71,128,225,225,152,62,5,0,35,29,59,39,84,189,195,216,138,14,0
전라북도 완주군 화산면(4571039000),201810,60,115,130,87,215,308,276,193,99,11,0,50,94,101,66,132,199,233,242,178,37,2
전라북도 완주군 동상면(4571040000),201810,31,27,56,37,68,156,118,61,34,0,0,29,26,50,25,47,135,93,88,53,5,0
전라북도 완주군 경천면(4571041000),201810,9,24,46,33,53,104,108,79,40,2,0,15,20,26,27,30,98,98,105,74,7,0
전라북도 완주군 삼례읍(4571025000),201811,421,713,900,751,"1,180","1,320","1,023",632,268,30,0,458,641,710,606,964,"1,084","1,008",841,572,85,4
전라북도 완주군 봉동읍(4571025300),201811,"1,894","1,764","1,533","2,129","2,605","1,917","1,176",679,260,24,1,"1,780","1,633","1,145","2,220","2,019","1,584","1,186",869,521,94,3
전라북도 완주군 용진읍(4571025600),201811,243,349,428,358,623,741,586,357,145,12,0,252,257,347,321,443,598,562,460,274,38,7
전라북도 완주군 상관면(4571032000),201811,200,217,227,242,386,438,350,226,69,9,0,179,220,207,217,345,350,347,254,157,35,4
전라북도 완주군 이서면(4571033000),201811,"1,011",710,763,"1,405","1,338","1,184",729,381,145,12,0,971,692,755,"1,379","1,140","1,068",674,494,276,39,0
전라북도 완주군 소양면(4571034000),201811,136,242,343,312,406,725,650,398,149,10,3,142,185,275,232,297,591,583,433,293,49,3
전라북도 완주군 구이면(4571035000),201811,121,229,324,228,384,703,582,318,135,13,1,136,212,295,215,309,584,493,425,262,49,4
전라북도 완주군 고산면(4571036000),201811,127,191,253,220,351,492,413,278,128,7,0,109,137,196,178,239,398,405,363,268,42,0
전라북도 완주군 비봉면(4571037000),201811,40,54,90,72,133,207,196,149,58,7,2,34,62,58,58,90,150,170,166,137,30,0
전라북도 완주군 운주면(4571038000),201811,27,48,66,69,126,225,228,152,64,5,0,35,27,59,42,86,188,197,217,138,14,0
전라북도 완주군 화산면(4571039000),201811,57,111,132,86,218,304,277,196,100,11,0,48,92,105,63,133,196,235,245,178,37,2
전라북도 완주군 동상면(4571040000),201811,29,25,60,37,69,152,120,61,34,0,0,28,26,53,24,47,136,91,89,52,6,0
전라북도 완주군 경천면(4571041000),201811,9,24,45,33,52,103,110,78,41,2,0,14,20,22,27,29,97,99,107,74,7,0
전라북도 완주군 삼례읍(4571025000),201812,419,706,889,730,"1,174","1,319","1,036",625,273,29,0,453,627,712,591,950,"1,080","1,017",836,573,87,4
전라북도 완주군 봉동읍(4571025300),201812,"1,883","1,755","1,534","2,102","2,603","1,935","1,176",688,257,24,1,"1,763","1,628","1,146","2,194","2,017","1,587","1,187",867,520,96,3
전라북도 완주군 용진읍(4571025600),201812,244,347,424,355,614,752,584,355,150,12,0,252,258,341,319,444,596,562,462,267,40,7
전라북도 완주군 상관면(4571032000),201812,199,212,227,240,376,440,347,227,72,9,0,174,219,200,221,338,347,345,252,157,37,4
전라북도 완주군 이서면(4571033000),201812,"1,007",706,757,"1,410","1,337","1,175",747,375,149,14,0,961,692,751,"1,368","1,139","1,075",674,488,281,40,0
전라북도 완주군 소양면(4571034000),201812,138,239,340,313,399,727,659,395,151,10,3,142,185,277,232,291,592,587,434,293,47,3
전라북도 완주군 구이면(4571035000),201812,119,226,323,228,377,697,585,321,134,13,1,136,212,300,215,305,588,491,428,263,50,4
전라북도 완주군 고산면(4571036000),201812,126,192,250,217,351,484,420,281,127,7,0,109,137,197,180,238,396,407,361,270,41,0
전라북도 완주군 비봉면(4571037000),201812,40,54,89,67,134,203,198,149,59,7,2,33,63,58,56,88,151,170,165,138,29,0
전라북도 완주군 운주면(4571038000),201812,28,48,67,67,127,224,230,150,64,5,0,37,29,60,43,84,188,199,218,139,14,0
전라북도 완주군 화산면(4571039000),201812,56,108,134,84,215,307,272,194,99,11,0,46,90,104,61,134,195,232,244,176,38,2
전라북도 완주군 동상면(4571040000),201812,28,24,61,39,68,152,118,64,34,0,0,28,26,53,21,48,134,90,88,54,6,0
전라북도 완주군 경천면(4571041000),201812,9,24,44,36,53,99,117,78,41,2,0,16,19,22,27,27,96,102,106,73,7,0
전라북도 완주군 삼례읍(4571025000),201901,410,693,871,723,"1,167","1,337","1,037",622,275,30,0,445,628,699,574,949,"1,076","1,014",840,571,90,5
전라북도 완주군 봉동읍(4571025300),201901,"1,857","1,773","1,539","2,084","2,600","1,958","1,184",688,255,27,1,"1,741","1,632","1,150","2,174","2,034","1,599","1,173",883,516,99,4
전라북도 완주군 용진읍(4571025600),201901,241,346,432,354,609,757,581,359,148,13,0,247,264,345,315,445,596,555,472,266,38,6
전라북도 완주군 상관면(4571032000),201901,197,214,225,238,377,438,343,228,73,9,0,173,215,199,225,342,351,342,254,158,36,4
전라북도 완주군 이서면(4571033000),201901,"1,011",703,748,"1,396","1,342","1,171",752,373,150,14,0,961,687,759,"1,374","1,133","1,070",678,472,287,39,0
전라북도 완주군 소양면(4571034000),201901,136,236,342,304,401,727,658,396,152,10,3,137,183,280,225,292,597,594,427,296,48,3
전라북도 완주군 구이면(4571035000),201901,120,223,322,225,377,703,585,322,136,13,1,135,210,292,216,302,584,499,422,263,51,4
전라북도 완주군 고산면(4571036000),201901,125,193,249,218,347,485,424,283,127,7,0,107,138,195,175,235,408,404,362,271,42,0
전라북도 완주군 비봉면(4571037000),201901,39,55,89,67,135,200,198,148,60,7,2,34,62,58,56,87,153,168,168,137,29,0
전라북도 완주군 운주면(4571038000),201901,28,48,63,68,127,223,231,153,63,5,0,37,28,59,39,86,189,200,218,140,15,0
전라북도 완주군 화산면(4571039000),201901,56,107,134,85,212,310,276,192,98,11,0,44,90,104,59,131,195,231,244,176,41,2
전라북도 완주군 동상면(4571040000),201901,25,23,59,38,68,150,119,65,34,0,0,27,26,50,24,46,136,90,86,55,7,0
전라북도 완주군 경천면(4571041000),201901,9,24,45,35,52,99,117,77,41,2,0,16,19,22,27,26,95,101,110,70,7,0
전라북도 완주군 삼례읍(4571025000),201902,398,679,856,708,"1,159","1,341","1,036",616,284,30,0,425,625,684,559,947,"1,077","1,012",841,570,91,5
전라북도 완주군 봉동읍(4571025300),201902,"1,822","1,743","1,540","2,049","2,586","1,960","1,187",688,260,27,1,"1,701","1,619","1,131","2,145","2,017","1,602","1,177",876,522,101,4
전라북도 완주군 용진읍(4571025600),201902,239,339,431,351,607,756,584,361,144,13,0,249,262,340,312,435,595,564,467,270,38,6
전라북도 완주군 상관면(4571032000),201902,197,213,221,237,381,440,345,232,73,8,0,173,211,203,221,346,343,350,252,157,37,4
전라북도 완주군 이서면(4571033000),201902,992,700,750,"1,367","1,338","1,173",747,372,153,14,0,958,681,757,"1,359","1,136","1,066",676,478,287,39,0
전라북도 완주군 소양면(4571034000),201902,137,233,335,301,398,726,651,399,150,12,3,140,179,276,224,291,601,596,424,304,47,3
전라북도 완주군 구이면(4571035000),201902,124,219,314,227,374,699,585,327,136,11,1,137,210,290,215,296,584,500,417,270,50,4
전라북도 완주군 고산면(4571036000),201902,131,190,246,219,353,489,425,279,132,7,0,111,132,198,177,237,407,404,362,271,41,0
전라북도 완주군 비봉면(4571037000),201902,39,55,89,66,137,199,195,148,61,7,2,35,62,54,60,85,155,170,165,135,32,0
전라북도 완주군 운주면(4571038000),201902,24,47,62,71,124,218,237,150,64,5,0,35,26,59,36,85,193,200,219,138,16,0
전라북도 완주군 화산면(4571039000),201902,57,106,132,86,211,310,277,192,98,11,0,43,88,106,56,130,194,237,241,173,44,2
전라북도 완주군 동상면(4571040000),201902,25,24,58,38,67,149,123,63,34,0,0,27,24,50,25,46,134,87,89,55,7,0
전라북도 완주군 경천면(4571041000),201902,9,25,43,38,53,102,114,77,42,2,0,16,18,21,28,28,94,102,110,71,7,0
전라북도 완주군 삼례읍(4571025000),201903,397,668,864,702,"1,156","1,340","1,036",620,284,32,0,425,622,676,550,948,"1,069","1,013",835,575,93,5
전라북도 완주군 봉동읍(4571025300),201903,"1,790","1,760","1,528","2,023","2,573","1,976","1,201",686,266,26,1,"1,670","1,612","1,134","2,104","2,032","1,597","1,190",874,525,103,4
전라북도 완주군 용진읍(4571025600),201903,237,328,433,349,593,756,588,356,146,14,0,244,256,336,305,435,595,560,465,274,40,6
전라북도 완주군 상관면(4571032000),201903,194,213,226,238,372,442,346,234,72,9,0,171,214,201,222,344,345,350,251,158,36,4
전라북도 완주군 이서면(4571033000),201903,988,691,742,"1,337","1,325","1,173",751,377,152,14,0,949,683,740,"1,344","1,129","1,062",677,477,283,40,0
전라북도 완주군 소양면(4571034000),201903,136,231,341,299,398,724,663,406,151,12,2,135,179,274,224,296,600,606,421,305,47,3
전라북도 완주군 구이면(4571035000),201903,124,215,314,222,371,696,591,326,138,12,1,138,203,286,214,291,581,501,413,274,48,4
전라북도 완주군 고산면(4571036000),201903,129,193,250,209,356,481,426,283,132,7,0,111,131,194,170,239,404,413,359,273,41,0
전라북도 완주군 비봉면(4571037000),201903,40,55,86,68,134,202,194,150,64,7,2,35,62,57,57,87,157,167,168,132,33,0
전라북도 완주군 운주면(4571038000),201903,24,46,64,70,123,222,233,152,63,5,0,35,25,57,36,84,194,199,223,135,16,0
전라북도 완주군 화산면(4571039000),201903,55,110,132,83,206,302,275,192,101,11,0,44,88,102,58,128,193,236,242,172,44,2
전라북도 완주군 동상면(4571040000),201903,26,24,56,35,70,148,124,65,34,0,0,25,24,49,24,46,135,89,89,55,8,0
전라북도 완주군 경천면(4571041000),201903,8,26,46,36,53,103,109,80,42,2,0,16,20,22,28,29,93,104,110,71,7,0
전라북도 완주군 삼례읍(4571025000),201904,386,665,865,697,"1,139","1,339","1,049",623,286,31,0,421,619,679,540,945,"1,063","1,028",832,583,93,5
전라북도 완주군 봉동읍(4571025300),201904,"1,773","1,758","1,526","1,971","2,571","1,974","1,212",683,265,26,1,"1,642","1,614","1,120","2,072","2,025","1,594","1,193",872,529,102,4
전라북도 완주군 용진읍(4571025600),201904,238,326,429,341,596,755,596,352,147,15,1,243,255,344,307,436,593,566,462,278,39,6
전라북도 완주군 상관면(4571032000),201904,200,212,230,235,373,437,349,238,74,9,0,171,213,202,226,339,346,349,254,156,37,4
전라북도 완주군 이서면(4571033000),201904,981,689,746,"1,321","1,329","1,172",749,381,155,13,0,946,677,746,"1,344","1,125","1,055",685,480,286,39,0
전라북도 완주군 소양면(4571034000),201904,134,232,341,291,394,727,660,400,156,11,2,139,174,271,218,297,599,610,418,309,43,3
전라북도 완주군 구이면(4571035000),201904,121,211,316,219,363,699,599,324,142,12,1,138,199,292,215,288,572,507,407,277,52,4
전라북도 완주군 고산면(4571036000),201904,128,191,250,206,355,485,425,287,132,7,0,114,126,192,170,243,404,411,359,272,44,0
전라북도 완주군 비봉면(4571037000),201904,39,55,84,70,132,198,193,153,62,8,2,37,59,60,56,85,158,170,163,136,33,0
전라북도 완주군 운주면(4571038000),201904,26,46,64,67,125,219,233,154,64,5,0,37,25,56,34,83,193,202,221,137,16,0
전라북도 완주군 화산면(4571039000),201904,55,109,131,84,208,308,279,191,103,10,0,40,93,104,58,126,193,236,244,173,44,2
전라북도 완주군 동상면(4571040000),201904,26,23,56,33,71,149,125,65,33,0,0,25,24,51,24,46,134,92,91,55,8,0
전라북도 완주군 경천면(4571041000),201904,8,23,47,34,52,104,108,81,41,2,0,15,20,21,26,30,90,109,109,72,7,0
전라북도 완주군 삼례읍(4571025000),201905,380,655,855,691,"1,138","1,339","1,055",626,292,31,0,412,608,673,529,951,"1,058","1,035",830,588,93,5
전라북도 완주군 봉동읍(4571025300),201905,"1,755","1,766","1,523","1,957","2,563","1,981","1,211",683,266,27,1,"1,633","1,626","1,126","2,049","2,029","1,604","1,184",879,539,100,4
전라북도 완주군 용진읍(4571025600),201905,227,319,426,331,596,747,608,350,149,16,1,237,249,334,302,430,589,577,457,287,38,6
전라북도 완주군 상관면(4571032000),201905,198,209,232,229,376,438,353,242,73,9,0,173,215,198,224,341,344,349,257,156,37,4
전라북도 완주군 이서면(4571033000),201905,980,689,743,"1,319","1,323","1,170",753,384,155,13,0,945,678,739,"1,343","1,129","1,057",691,481,287,38,0
전라북도 완주군 소양면(4571034000),201905,137,227,336,290,392,721,666,398,158,11,2,140,166,268,215,295,602,613,417,310,41,4
전라북도 완주군 구이면(4571035000),201905,117,208,310,221,359,697,606,318,146,12,1,135,196,295,211,287,569,509,402,280,54,4
전라북도 완주군 고산면(4571036000),201905,131,191,248,209,354,488,423,288,133,7,0,118,124,192,172,240,402,404,365,274,41,0
전라북도 완주군 비봉면(4571037000),201905,42,54,84,70,132,200,192,152,64,8,2,36,59,61,59,85,157,172,160,137,33,0
전라북도 완주군 운주면(4571038000),201905,27,47,60,67,125,218,230,154,66,5,0,37,26,56,34,81,188,206,223,137,16,0
전라북도 완주군 화산면(4571039000),201905,55,108,133,82,205,311,279,190,101,11,0,38,93,100,59,125,193,232,245,173,44,2
전라북도 완주군 동상면(4571040000),201905,27,23,52,32,69,149,126,64,33,0,0,21,24,53,23,46,134,92,90,56,8,0
전라북도 완주군 경천면(4571041000),201905,8,21,46,34,52,104,109,80,42,2,0,14,20,20,25,27,92,107,109,73,7,0
전라북도 완주군 삼례읍(4571025000),201906,375,655,856,675,"1,137","1,344","1,059",628,292,29,0,406,601,679,522,947,"1,058","1,041",828,592,93,5
전라북도 완주군 봉동읍(4571025300),201906,"1,735","1,763","1,521","1,950","2,561","1,991","1,211",684,266,26,1,"1,621","1,629","1,122","2,018","2,031","1,607","1,185",878,544,103,4
전라북도 완주군 용진읍(4571025600),201906,228,312,429,334,592,749,605,353,147,16,1,236,250,329,301,429,586,578,458,288,38,6
전라북도 완주군 상관면(4571032000),201906,195,207,234,226,378,440,353,241,74,9,0,171,216,201,220,345,340,352,254,160,36,4
전라북도 완주군 이서면(4571033000),201906,978,685,745,"1,309","1,322","1,176",752,386,155,13,0,943,680,730,"1,344","1,136","1,060",691,482,288,40,0
전라북도 완주군 소양면(4571034000),201906,137,224,336,286,394,713,670,400,156,12,2,142,165,271,211,298,601,611,417,309,43,4
전라북도 완주군 구이면(4571035000),201906,116,208,311,219,353,696,612,321,146,12,1,133,195,293,214,283,565,511,400,278,55,4
전라북도 완주군 고산면(4571036000),201906,131,190,246,208,355,490,424,287,134,7,0,120,123,194,175,243,393,402,369,275,41,0
전라북도 완주군 비봉면(4571037000),201906,43,54,83,67,131,201,190,152,64,7,2,36,57,62,58,85,159,171,160,137,33,0
전라북도 완주군 운주면(4571038000),201906,27,46,59,64,128,212,234,154,67,5,0,36,26,57,33,81,188,207,222,136,16,0
전라북도 완주군 화산면(4571039000),201906,56,110,133,85,205,308,278,193,102,11,0,40,92,101,63,125,192,234,245,174,43,2
전라북도 완주군 동상면(4571040000),201906,27,24,51,32,69,147,129,65,30,0,0,19,27,52,23,46,132,92,89,57,8,0
전라북도 완주군 경천면(4571041000),201906,11,25,46,32,54,106,108,80,41,2,0,13,22,21,26,31,91,108,109,72,8,0
전라북도 완주군 삼례읍(4571025000),201907,366,655,852,664,"1,128","1,334","1,057",632,290,30,0,400,602,676,510,935,"1,065","1,036",833,594,92,5
전라북도 완주군 봉동읍(4571025300),201907,"1,735","1,759","1,520","1,934","2,571","1,988","1,210",696,268,26,1,"1,610","1,628","1,131","1,988","2,047","1,598","1,180",879,552,103,4
전라북도 완주군 용진읍(4571025600),201907,227,313,426,330,591,752,609,352,149,16,1,235,250,330,302,426,588,581,452,283,38,6
전라북도 완주군 상관면(4571032000),201907,197,203,232,227,371,442,359,241,76,8,0,171,214,196,220,340,344,357,255,159,35,4
전라북도 완주군 이서면(4571033000),201907,978,681,754,"1,295","1,329","1,179",747,391,155,13,0,945,686,729,"1,337","1,140","1,053",696,485,285,39,0
전라북도 완주군 소양면(4571034000),201907,136,221,331,288,397,702,668,401,157,12,2,141,160,275,214,294,596,612,421,308,46,4
전라북도 완주군 구이면(4571035000),201907,112,207,308,219,350,694,610,331,146,13,1,131,194,290,209,282,564,512,396,280,54,4
전라북도 완주군 고산면(4571036000),201907,135,184,252,207,352,487,428,289,139,7,0,115,123,195,177,240,394,400,375,274,43,0
전라북도 완주군 비봉면(4571037000),201907,44,56,79,68,131,200,189,153,64,7,2,34,57,62,59,87,158,169,160,139,34,0
전라북도 완주군 운주면(4571038000),201907,28,45,60,60,130,214,232,153,69,5,0,36,26,58,33,82,188,203,227,137,17,0
전라북도 완주군 화산면(4571039000),201907,53,114,132,80,201,310,279,191,103,11,0,38,92,100,61,126,192,231,241,177,43,2
전라북도 완주군 동상면(4571040000),201907,27,23,56,31,67,150,129,64,30,0,0,18,26,52,23,47,130,95,88,57,8,0
전라북도 완주군 경천면(4571041000),201907,11,25,46,32,54,106,107,77,43,2,0,13,21,21,25,31,92,108,111,72,7,0
전라북도 완주군 삼례읍(4571025000),201908,372,652,843,665,"1,124","1,319","1,056",639,290,30,0,400,600,669,511,930,"1,048","1,047",836,595,93,5
전라북도 완주군 봉동읍(4571025300),201908,"1,731","1,748","1,524","1,924","2,573","1,998","1,218",702,267,26,1,"1,602","1,629","1,129","1,977","2,058","1,604","1,180",882,552,102,4
전라북도 완주군 용진읍(4571025600),201908,226,319,427,327,594,752,612,355,149,17,1,235,248,326,298,429,586,581,454,285,38,6
전라북도 완주군 상관면(4571032000),201908,199,195,238,229,362,446,355,241,77,8,0,169,212,199,215,338,346,356,258,163,35,4
전라북도 완주군 이서면(4571033000),201908,971,668,757,"1,287","1,337","1,180",754,391,154,13,0,944,684,728,"1,332","1,126","1,069",696,486,285,39,0
전라북도 완주군 소양면(4571034000),201908,135,215,323,289,400,702,672,396,158,11,2,143,157,275,214,287,598,618,423,310,46,4
전라북도 완주군 구이면(4571035000),201908,112,207,308,217,354,689,619,334,146,13,1,128,190,293,202,288,567,509,396,285,53,4
전라북도 완주군 고산면(4571036000),201908,132,185,250,206,348,485,431,289,138,7,0,114,117,191,176,239,394,396,374,278,44,0
전라북도 완주군 비봉면(4571037000),201908,43,54,80,64,129,200,189,154,62,9,2,34,57,64,58,82,157,174,159,140,34,0
전라북도 완주군 운주면(4571038000),201908,28,44,58,61,131,214,231,153,70,5,0,36,26,58,34,83,189,203,229,133,18,0
전라북도 완주군 화산면(4571039000),201908,47,113,132,78,199,309,281,192,99,11,0,36,95,101,59,125,188,235,236,177,43,2
전라북도 완주군 동상면(4571040000),201908,27,23,56,31,66,150,131,65,30,0,0,17,26,52,23,46,130,96,88,56,8,0
전라북도 완주군 경천면(4571041000),201908,11,23,42,31,54,105,107,76,45,2,0,12,20,20,25,29,91,108,112,71,7,0
전라북도 완주군 삼례읍(4571025000),201909,367,647,850,651,"1,120","1,321","1,059",637,290,29,0,384,602,662,509,920,"1,053","1,047",832,596,93,5
전라북도 완주군 봉동읍(4571025300),201909,"1,719","1,746","1,520","1,918","2,576","2,001","1,222",708,275,26,1,"1,603","1,619","1,134","1,972","2,049","1,591","1,189",885,558,102,4
전라북도 완주군 용진읍(4571025600),201909,225,316,426,323,586,758,614,359,145,18,1,231,249,316,300,429,586,588,454,286,38,6
전라북도 완주군 상관면(4571032000),201909,192,192,238,226,356,449,350,242,74,9,0,166,207,200,214,332,341,355,258,160,36,5
전라북도 완주군 이서면(4571033000),201909,956,670,751,"1,267","1,333","1,182",751,395,155,13,0,928,678,731,"1,305","1,130","1,056",696,484,286,40,0
전라북도 완주군 소양면(4571034000),201909,132,214,324,282,395,696,676,398,158,11,2,144,151,281,213,276,605,622,424,311,46,4
전라북도 완주군 구이면(4571035000),201909,110,206,305,212,354,683,624,337,145,13,1,126,188,287,206,283,563,514,394,284,55,4
전라북도 완주군 고산면(4571036000),201909,131,187,248,206,348,482,430,288,139,8,0,114,119,188,177,242,390,400,374,280,43,0
전라북도 완주군 비봉면(4571037000),201909,42,54,79,65,122,200,194,153,60,9,2,32,56,65,58,81,156,176,158,140,35,0
전라북도 완주군 운주면(4571038000),201909,28,44,62,62,130,213,231,153,70,4,0,35,26,56,35,82,186,203,227,134,18,0
전라북도 완주군 화산면(4571039000),201909,47,112,132,77,198,311,281,187,105,10,0,35,98,100,61,124,184,237,237,176,44,2
전라북도 완주군 동상면(4571040000),201909,26,23,51,32,66,145,135,65,30,0,0,18,25,51,22,43,129,97,88,57,8,0
전라북도 완주군 경천면(4571041000),201909,9,23,41,31,53,103,107,78,45,2,0,12,20,20,24,29,86,109,112,71,7,0
전라북도 완주군 삼례읍(4571025000),201910,370,641,846,651,"1,119","1,321","1,059",641,289,28,0,378,607,659,511,911,"1,048","1,046",831,598,92,5
전라북도 완주군 봉동읍(4571025300),201910,"1,698","1,772","1,510","1,911","2,584","2,006","1,226",706,280,27,1,"1,610","1,615","1,137","1,963","2,064","1,588","1,196",887,567,103,4
전라북도 완주군 용진읍(4571025600),201910,221,308,425,326,576,766,612,358,148,18,1,231,248,314,299,431,578,590,454,289,38,6
전라북도 완주군 상관면(4571032000),201910,189,194,238,222,354,448,350,245,73,9,0,166,201,189,214,329,340,351,260,157,38,5
전라북도 완주군 이서면(4571033000),201910,929,672,747,"1,238","1,341","1,171",751,398,153,14,0,921,687,737,"1,268","1,137","1,054",702,485,286,35,0
전라북도 완주군 소양면(4571034000),201910,133,214,322,280,386,696,677,395,159,11,2,141,150,279,210,275,606,616,420,315,48,3
전라북도 완주군 구이면(4571035000),201910,107,204,301,211,354,679,625,337,145,13,1,119,193,288,203,280,567,517,392,285,56,4
전라북도 완주군 고산면(4571036000),201910,130,184,243,205,347,487,431,285,139,8,0,111,125,184,175,241,390,401,377,277,46,0
전라북도 완주군 비봉면(4571037000),201910,42,53,79,63,125,196,196,153,61,8,2,33,55,66,57,81,151,175,159,139,35,0
전라북도 완주군 운주면(4571038000),201910,28,43,63,61,126,215,233,152,70,4,0,35,25,57,32,80,188,203,225,135,19,0
전라북도 완주군 화산면(4571039000),201910,47,108,134,77,199,311,283,189,105,10,0,35,97,99,60,124,187,237,235,179,43,2
전라북도 완주군 동상면(4571040000),201910,25,24,49,32,65,147,134,66,30,0,0,18,24,49,22,43,130,96,86,58,8,0
전라북도 완주군 경천면(4571041000),201910,9,24,41,30,53,104,108,78,45,2,0,12,20,18,24,28,88,108,113,71,7,0
전라북도 완주군 삼례읍(4571025000),201911,364,637,862,647,"1,108","1,335","1,071",635,298,27,1,379,612,661,517,919,"1,053","1,061",832,594,93,5
전라북도 완주군 봉동읍(4571025300),201911,"1,691","1,779","1,511","1,905","2,589","2,016","1,232",703,285,27,1,"1,594","1,609","1,139","1,943","2,062","1,603","1,196",889,574,104,4
전라북도 완주군 용진읍(4571025600),201911,217,307,431,329,571,776,607,360,150,19,1,226,242,312,303,424,583,596,451,293,39,6
전라북도 완주군 상관면(4571032000),201911,186,193,238,212,351,448,352,245,73,8,0,162,203,185,212,327,347,354,257,153,39,5
전라북도 완주군 이서면(4571033000),201911,924,677,739,"1,223","1,343","1,170",755,398,148,15,0,908,677,750,"1,253","1,135","1,051",702,484,289,34,1
전라북도 완주군 소양면(4571034000),201911,130,211,319,276,384,696,677,396,160,11,2,141,149,280,211,271,598,617,423,313,48,3
전라북도 완주군 구이면(4571035000),201911,104,213,304,204,359,677,635,336,145,13,0,120,194,291,198,286,570,518,390,290,55,5
전라북도 완주군 고산면(4571036000),201911,129,178,242,209,341,485,437,289,139,8,0,112,124,180,174,232,390,403,378,277,45,0
전라북도 완주군 비봉면(4571037000),201911,42,52,81,64,125,196,197,154,62,9,2,31,58,66,56,82,149,178,153,142,35,0
전라북도 완주군 운주면(4571038000),201911,25,44,63,61,122,214,231,154,71,4,0,35,25,56,29,79,187,203,225,137,18,0
전라북도 완주군 화산면(4571039000),201911,44,104,135,77,192,312,284,188,105,10,0,36,98,98,59,121,192,240,234,178,42,2
전라북도 완주군 동상면(4571040000),201911,24,25,49,32,63,140,139,66,30,0,0,18,24,47,23,41,129,96,85,59,8,0
전라북도 완주군 경천면(4571041000),201911,9,23,38,30,55,105,110,77,45,2,0,14,20,18,25,28,86,108,114,73,7,0
전라북도 완주군 삼례읍(4571025000),201912,366,637,864,638,"1,113","1,344","1,081",634,304,26,1,374,605,668,513,917,"1,048","1,069",837,589,93,5
전라북도 완주군 봉동읍(4571025300),201912,"1,678","1,783","1,514","1,878","2,587","2,021","1,232",715,281,27,1,"1,595","1,608","1,134","1,928","2,077","1,595","1,203",884,578,105,4
전라북도 완주군 용진읍(4571025600),201912,212,307,438,329,572,766,613,356,156,20,1,230,242,314,302,425,578,601,457,291,38,6
전라북도 완주군 상관면(4571032000),201912,184,194,240,211,355,450,347,244,73,7,0,162,201,183,208,325,347,358,253,152,39,5
전라북도 완주군 이서면(4571033000),201912,913,679,737,"1,204","1,355","1,165",762,396,147,14,0,901,681,749,"1,243","1,127","1,058",699,475,291,35,1
전라북도 완주군 소양면(4571034000),201912,129,208,320,271,379,692,682,393,166,9,2,138,152,280,210,272,594,615,427,315,49,2
전라북도 완주군 구이면(4571035000),201912,99,211,293,200,351,674,639,340,140,15,0,117,189,290,197,287,568,523,390,291,57,5
전라북도 완주군 고산면(4571036000),201912,126,172,245,204,336,486,434,289,140,8,0,111,118,178,168,234,392,402,378,279,44,0
전라북도 완주군 비봉면(4571037000),201912,40,54,75,62,122,195,200,154,63,9,2,31,58,64,54,84,149,175,155,141,35,0
전라북도 완주군 운주면(4571038000),201912,24,44,64,61,121,218,231,152,70,5,0,34,25,55,29,76,190,206,222,138,20,0
전라북도 완주군 화산면(4571039000),201912,39,105,134,78,195,310,285,187,104,9,0,34,99,95,58,120,192,242,231,181,41,1
전라북도 완주군 동상면(4571040000),201912,23,24,49,31,63,137,143,66,28,1,0,18,24,45,22,41,126,99,85,58,9,0
전라북도 완주군 경천면(4571041000),201912,9,22,35,29,55,101,110,78,47,2,0,14,17,19,25,28,86,107,112,75,6,1
전라북도 완주군 삼례읍(4571025000),202001,361,633,856,632,"1,107","1,359","1,087",637,307,26,1,374,608,661,512,913,"1,040","1,078",833,592,95,5
전라북도 완주군 봉동읍(4571025300),202001,"1,667","1,790","1,510","1,859","2,593","2,049","1,231",722,278,27,1,"1,575","1,618","1,137","1,917","2,089","1,596","1,205",882,583,102,4
전라북도 완주군 용진읍(4571025600),202001,210,305,433,330,570,765,607,362,156,20,1,226,241,307,302,426,569,603,455,295,40,6
전라북도 완주군 상관면(4571032000),202001,183,195,233,208,353,450,347,251,74,6,0,160,199,175,206,323,347,354,256,150,38,5
전라북도 완주군 이서면(4571033000),202001,911,682,724,"1,203","1,359","1,170",764,397,148,14,0,887,681,750,"1,247","1,136","1,056",702,478,294,35,1
전라북도 완주군 소양면(4571034000),202001,127,204,319,269,371,697,685,392,169,9,2,135,150,275,207,269,589,611,427,322,48,2
전라북도 완주군 구이면(4571035000),202001,99,205,299,197,350,675,639,343,141,16,0,116,193,284,198,280,567,527,393,293,55,5
전라북도 완주군 고산면(4571036000),202001,125,172,249,206,333,493,434,290,138,9,0,112,117,179,168,235,389,408,378,279,47,0
전라북도 완주군 비봉면(4571037000),202001,38,58,75,63,121,198,201,155,64,9,2,30,59,63,54,83,146,174,158,142,37,0
전라북도 완주군 운주면(4571038000),202001,25,44,62,60,121,217,231,152,69,5,0,34,26,52,29,80,189,207,212,145,22,0
전라북도 완주군 화산면(4571039000),202001,38,110,130,77,197,309,285,187,109,9,0,35,100,96,59,121,186,249,229,180,42,1
전라북도 완주군 동상면(4571040000),202001,23,22,49,29,61,138,144,66,27,2,0,17,24,41,23,41,123,102,82,60,9,0
전라북도 완주군 경천면(4571041000),202001,10,20,35,29,53,103,113,78,47,2,0,15,18,19,25,28,83,107,112,74,7,1
전라북도 완주군 삼례읍(4571025000),202002,361,633,886,654,"1,120","1,376","1,104",639,307,26,1,381,614,668,519,927,"1,045","1,093",825,604,95,6
전라북도 완주군 봉동읍(4571025300),202002,"1,658","1,791","1,506","1,830","2,607","2,052","1,226",725,276,28,1,"1,562","1,606","1,144","1,886","2,101","1,591","1,212",878,580,106,4
전라북도 완주군 용진읍(4571025600),202002,206,303,430,327,564,760,608,369,155,21,1,214,242,304,295,433,571,602,460,296,39,6
전라북도 완주군 상관면(4571032000),202002,173,197,228,201,355,449,351,248,75,6,0,161,196,173,203,319,351,353,256,151,40,5
전라북도 완주군 이서면(4571033000),202002,910,679,721,"1,189","1,366","1,160",759,406,147,14,0,890,681,740,"1,244","1,139","1,051",712,480,296,36,1
전라북도 완주군 소양면(4571034000),202002,127,203,317,269,374,688,690,392,170,9,2,136,145,268,207,268,589,614,425,324,50,2
전라북도 완주군 구이면(4571035000),202002,97,208,299,197,342,675,642,347,141,16,0,119,189,279,195,278,569,532,389,292,52,5
전라북도 완주군 고산면(4571036000),202002,120,173,248,203,326,498,434,288,139,9,0,113,112,176,163,233,391,417,375,281,48,0
전라북도 완주군 비봉면(4571037000),202002,38,60,73,65,122,195,200,156,65,9,2,30,60,60,53,89,144,178,158,140,38,0
전라북도 완주군 운주면(4571038000),202002,25,44,62,61,121,217,230,154,69,5,0,31,24,51,28,80,190,209,211,144,23,0
전라북도 완주군 화산면(4571039000),202002,40,115,128,79,197,310,286,191,108,9,0,36,101,96,59,125,180,251,230,183,42,1
전라북도 완주군 동상면(4571040000),202002,22,22,45,28,59,141,144,66,29,2,0,17,22,43,23,40,125,100,81,62,9,0
전라북도 완주군 경천면(4571041000),202002,10,21,33,30,54,102,116,78,47,2,0,16,19,20,26,30,82,111,107,77,7,1
전라북도 완주군 삼례읍(4571025000),202003,358,643,923,687,"1,150","1,403","1,121",651,309,27,1,377,607,696,532,933,"1,049","1,108",828,610,96,6
전라북도 완주군 봉동읍(4571025300),202003,"1,643","1,772","1,488","1,812","2,591","2,044","1,232",731,276,29,1,"1,549","1,596","1,135","1,859","2,095","1,592","1,221",876,587,106,4
전라북도 완주군 용진읍(4571025600),202003,204,300,423,327,559,758,599,374,153,21,1,209,242,297,290,425,561,606,459,301,42,6
전라북도 완주군 상관면(4571032000),202003,174,204,233,203,353,443,353,248,76,6,0,157,195,171,196,318,358,356,256,150,39,4
전라북도 완주군 이서면(4571033000),202003,908,674,726,"1,173","1,366","1,147",764,413,148,14,0,883,683,730,"1,228","1,138","1,050",710,486,298,35,2
전라북도 완주군 소양면(4571034000),202003,127,198,319,265,370,689,694,398,170,9,2,134,144,262,206,266,587,615,425,324,49,2
전라북도 완주군 구이면(4571035000),202003,93,204,294,197,341,678,641,346,140,14,0,121,190,277,190,272,573,535,391,291,52,5
전라북도 완주군 고산면(4571036000),202003,119,177,243,202,329,490,433,289,139,10,0,116,117,170,160,236,386,415,371,286,50,0
전라북도 완주군 비봉면(4571037000),202003,38,59,74,57,121,194,199,153,69,9,2,30,59,55,55,91,139,177,162,137,39,0
전라북도 완주군 운주면(4571038000),202003,25,42,60,58,124,211,231,158,69,5,0,29,26,53,27,81,189,212,210,144,22,0
전라북도 완주군 화산면(4571039000),202003,41,115,129,82,194,303,297,190,107,9,0,39,99,95,56,126,180,247,230,185,42,1
전라북도 완주군 동상면(4571040000),202003,23,21,45,27,59,140,143,65,29,2,0,19,21,40,23,38,124,101,80,63,9,0
전라북도 완주군 경천면(4571041000),202003,10,22,32,30,53,103,116,78,46,2,0,15,19,18,25,29,81,113,104,79,7,1
전라북도 완주군 삼례읍(4571025000),202004,354,634,911,688,"1,153","1,400","1,120",656,309,27,1,380,604,707,529,933,"1,053","1,110",823,614,96,6
전라북도 완주군 봉동읍(4571025300),202004,"1,642","1,750","1,489","1,788","2,586","2,039","1,243",736,272,29,2,"1,523","1,593","1,138","1,843","2,082","1,587","1,221",877,591,107,4
전라북도 완주군 용진읍(4571025600),202004,199,301,420,324,556,756,601,381,152,21,1,211,241,298,286,420,563,616,460,302,42,5
전라북도 완주군 상관면(4571032000),202004,174,202,235,199,353,443,351,248,78,6,0,153,197,173,195,317,354,359,256,149,40,4
전라북도 완주군 이서면(4571033000),202004,905,677,724,"1,166","1,374","1,150",769,409,151,15,0,874,680,727,"1,227","1,142","1,040",715,489,300,36,2
전라북도 완주군 소양면(4571034000),202004,125,196,320,261,368,691,694,399,171,8,2,133,143,257,198,270,576,617,429,325,49,2
전라북도 완주군 구이면(4571035000),202004,89,199,294,191,337,673,648,349,143,13,0,119,182,272,188,274,570,538,393,290,50,5
전라북도 완주군 고산면(4571036000),202004,120,176,240,206,323,486,437,291,140,11,0,118,116,170,165,232,389,420,371,282,51,0
전라북도 완주군 비봉면(4571037000),202004,38,58,73,57,117,196,203,154,68,9,2,31,61,54,56,92,139,175,165,139,37,0
전라북도 완주군 운주면(4571038000),202004,25,42,59,57,123,209,235,157,69,5,0,29,25,54,27,77,188,209,207,148,22,0
전라북도 완주군 화산면(4571039000),202004,43,115,129,79,193,302,298,189,109,9,0,38,99,92,60,126,177,250,227,190,41,1
전라북도 완주군 동상면(4571040000),202004,22,20,45,27,62,138,143,68,29,2,0,19,21,35,29,37,124,102,81,63,9,0
전라북도 완주군 경천면(4571041000),202004,10,23,32,30,53,104,116,77,48,2,0,15,17,18,25,27,79,114,106,79,7,1
전라북도 완주군 삼례읍(4571025000),202005,354,631,917,675,"1,156","1,400","1,123",661,304,27,2,380,600,703,534,929,"1,052","1,112",820,619,96,5
전라북도 완주군 봉동읍(4571025300),202005,"1,629","1,758","1,497","1,760","2,584","2,043","1,247",741,276,28,2,"1,506","1,596","1,144","1,819","2,090","1,583","1,228",883,586,113,4
전라북도 완주군 용진읍(4571025600),202005,200,299,419,328,549,754,607,377,155,22,1,211,245,291,283,416,563,615,461,301,44,6
전라북도 완주군 상관면(4571032000),202005,169,200,232,198,346,444,352,249,80,6,0,154,196,169,196,312,352,364,252,152,39,5
전라북도 완주군 이서면(4571033000),202005,901,675,712,"1,166","1,376","1,146",767,410,153,15,0,867,676,729,"1,226","1,144","1,034",727,488,302,37,2
전라북도 완주군 소양면(4571034000),202005,121,191,317,259,363,692,690,399,169,9,2,130,143,258,196,259,579,617,435,326,50,3
전라북도 완주군 구이면(4571035000),202005,87,198,289,189,332,669,652,353,143,13,0,115,186,272,188,276,568,541,398,292,51,4
전라북도 완주군 고산면(4571036000),202005,119,175,239,203,324,484,443,292,141,11,0,118,114,167,161,234,392,411,380,284,50,0
전라북도 완주군 비봉면(4571037000),202005,37,59,72,55,117,192,205,156,68,9,2,30,60,56,56,91,141,175,166,141,37,1
전라북도 완주군 운주면(4571038000),202005,25,41,58,56,118,210,234,157,69,6,0,29,25,52,27,78,186,210,207,146,23,0
전라북도 완주군 화산면(4571039000),202005,42,114,129,76,192,300,295,190,109,9,0,38,97,90,57,123,177,250,230,187,41,1
전라북도 완주군 동상면(4571040000),202005,21,20,46,28,60,136,146,69,29,2,0,18,21,34,30,37,124,104,79,65,9,0
전라북도 완주군 경천면(4571041000),202005,10,22,33,30,53,98,119,78,47,2,0,15,18,17,23,28,79,113,106,78,7,1
전라북도 완주군 삼례읍(4571025000),202006,350,623,920,671,"1,150","1,404","1,139",663,301,27,2,375,597,708,529,931,"1,049","1,116",826,623,96,4
전라북도 완주군 봉동읍(4571025300),202006,"1,609","1,758","1,508","1,754","2,594","2,029","1,267",738,276,30,2,"1,494","1,585","1,129","1,814","2,107","1,576","1,236",879,580,112,4
전라북도 완주군 용진읍(4571025600),202006,198,295,423,330,544,756,619,380,154,22,1,216,240,298,284,418,564,625,465,306,45,6
전라북도 완주군 상관면(4571032000),202006,166,205,230,195,348,450,354,254,82,6,0,153,197,169,195,312,351,367,255,152,39,6
전라북도 완주군 이서면(4571033000),202006,886,672,715,"1,147","1,373","1,135",769,411,152,15,0,856,682,738,"1,207","1,148","1,036",731,488,300,40,4
전라북도 완주군 소양면(4571034000),202006,118,189,319,248,367,690,689,402,168,9,2,128,147,260,195,258,573,622,439,325,52,4
전라북도 완주군 구이면(4571035000),202006,87,204,287,189,331,667,660,351,143,13,0,116,191,272,185,283,567,547,401,297,50,4
전라북도 완주군 고산면(4571036000),202006,119,174,241,201,327,494,450,291,139,11,1,117,111,164,161,233,394,411,383,282,49,0
전라북도 완주군 비봉면(4571037000),202006,36,61,71,56,116,191,206,156,67,9,2,29,63,55,55,90,142,177,166,139,36,1
전라북도 완주군 운주면(4571038000),202006,25,41,55,56,120,209,232,156,71,5,0,30,23,51,28,78,185,210,206,145,24,0
전라북도 완주군 화산면(4571039000),202006,39,115,129,78,192,296,295,191,110,9,0,37,99,94,54,120,179,251,226,191,41,1
전라북도 완주군 동상면(4571040000),202006,21,20,44,27,60,136,149,69,29,2,0,18,21,34,30,37,126,105,79,65,9,0
전라북도 완주군 경천면(4571041000),202006,8,24,32,29,52,95,124,77,48,2,0,15,18,14,24,28,78,113,105,78,7,1
전라북도 완주군 삼례읍(4571025000),202007,345,616,921,681,"1,145","1,392","1,148",664,302,28,2,372,593,722,528,925,"1,042","1,121",832,625,96,3
전라북도 완주군 봉동읍(4571025300),202007,"1,601","1,761","1,512","1,747","2,591","2,034","1,270",746,278,29,2,"1,489","1,585","1,132","1,793","2,119","1,576","1,239",878,578,114,4
전라북도 완주군 용진읍(4571025600),202007,194,295,420,330,544,752,628,382,155,21,1,212,239,300,282,417,563,627,471,304,45,6
전라북도 완주군 상관면(4571032000),202007,160,204,234,188,349,453,357,252,85,6,0,154,197,166,189,313,349,371,253,154,39,6
전라북도 완주군 이서면(4571033000),202007,876,674,726,"1,138","1,371","1,140",779,414,149,17,0,862,682,734,"1,182","1,164","1,023",735,488,297,41,4
전라북도 완주군 소양면(4571034000),202007,118,190,312,257,366,682,697,402,175,9,2,129,153,261,196,253,577,621,440,326,52,4
전라북도 완주군 구이면(4571035000),202007,85,200,294,188,329,667,657,353,143,13,0,114,193,270,184,285,559,549,402,298,53,4
전라북도 완주군 고산면(4571036000),202007,121,173,239,198,329,491,446,293,139,12,1,121,113,162,162,233,397,405,385,282,50,0
전라북도 완주군 비봉면(4571037000),202007,37,60,71,54,113,195,206,159,68,9,2,29,62,58,56,87,144,176,167,135,37,1
전라북도 완주군 운주면(4571038000),202007,24,42,54,54,116,209,237,154,73,5,0,31,23,50,27,78,183,210,207,145,23,0
전라북도 완주군 화산면(4571039000),202007,40,114,123,78,196,294,294,192,109,8,0,37,100,92,54,120,176,253,225,192,41,1
전라북도 완주군 동상면(4571040000),202007,21,19,46,27,61,136,151,70,28,2,0,18,23,33,29,38,123,108,79,64,9,0
전라북도 완주군 경천면(4571041000),202007,8,23,34,30,53,96,124,79,49,2,0,15,18,11,23,28,78,111,107,78,7,1
전라북도 완주군 삼례읍(4571025000),202008,350,608,944,683,"1,144","1,402","1,148",667,305,27,2,377,593,745,529,923,"1,041","1,129",832,629,95,3
전라북도 완주군 봉동읍(4571025300),202008,"1,584","1,761","1,510","1,727","2,601","2,023","1,273",752,278,31,2,"1,473","1,573","1,139","1,779","2,121","1,581","1,241",884,576,113,4
전라북도 완주군 용진읍(4571025600),202008,188,293,415,326,533,752,638,386,155,20,1,206,238,291,277,418,561,629,472,305,45,6
전라북도 완주군 상관면(4571032000),202008,150,204,237,187,345,455,360,255,87,6,0,148,196,167,179,313,352,369,256,154,39,6
전라북도 완주군 이서면(4571033000),202008,874,669,716,"1,142","1,371","1,134",777,411,153,16,0,858,688,715,"1,185","1,158","1,026",736,488,297,42,4
전라북도 완주군 소양면(4571034000),202008,118,189,306,255,368,677,693,406,174,9,2,128,150,256,195,249,582,625,436,324,52,4
전라북도 완주군 구이면(4571035000),202008,86,199,293,190,325,671,660,354,144,13,0,112,190,267,190,280,564,552,406,295,51,4
전라북도 완주군 고산면(4571036000),202008,121,173,230,195,332,482,451,297,139,14,1,120,116,159,156,242,391,408,384,282,52,0
전라북도 완주군 비봉면(4571037000),202008,37,59,72,54,112,194,209,159,70,9,2,29,61,54,57,85,141,180,168,135,38,1
전라북도 완주군 운주면(4571038000),202008,24,42,53,58,115,212,240,155,71,5,0,30,22,49,27,77,180,214,206,145,21,0
전라북도 완주군 화산면(4571039000),202008,40,111,122,76,197,294,297,194,108,8,0,36,100,90,54,120,176,248,223,194,42,1
전라북도 완주군 동상면(4571040000),202008,22,18,47,26,62,139,152,69,28,2,0,17,25,35,28,37,121,112,77,63,9,0
전라북도 완주군 경천면(4571041000),202008,9,23,34,29,52,98,125,79,49,2,0,15,17,12,22,27,79,111,107,80,7,1
전라북도 완주군 삼례읍(4571025000),202009,343,607,951,677,"1,149","1,399","1,158",670,309,28,2,376,597,744,522,924,"1,039","1,140",828,632,95,3
전라북도 완주군 봉동읍(4571025300),202009,"1,570","1,768","1,523","1,730","2,591","2,038","1,271",759,280,32,2,"1,458","1,585","1,142","1,770","2,138","1,582","1,244",882,578,113,4
전라북도 완주군 용진읍(4571025600),202009,186,287,422,324,526,750,649,386,157,20,1,208,235,289,273,415,568,627,474,309,43,6
전라북도 완주군 상관면(4571032000),202009,147,202,236,182,346,450,368,254,87,7,0,142,199,163,175,310,354,370,257,156,40,6
전라북도 완주군 이서면(4571033000),202009,858,672,717,"1,144","1,374","1,140",785,415,152,17,0,858,692,720,"1,172","1,150","1,029",738,493,296,43,4
전라북도 완주군 소양면(4571034000),202009,118,187,314,253,363,674,695,409,173,10,2,125,148,254,192,247,589,630,440,321,54,4
전라북도 완주군 구이면(4571035000),202009,86,196,297,190,330,660,667,362,143,13,0,113,189,265,190,279,563,558,403,299,52,4
전라북도 완주군 고산면(4571036000),202009,122,173,226,199,331,478,447,300,137,14,1,120,119,158,155,238,390,408,385,282,53,0
전라북도 완주군 비봉면(4571037000),202009,35,60,73,52,113,196,212,159,69,9,2,30,61,52,57,86,141,182,167,135,39,1
전라북도 완주군 운주면(4571038000),202009,25,40,55,62,112,210,240,154,73,5,0,31,21,50,27,77,178,216,207,143,21,0
전라북도 완주군 화산면(4571039000),202009,41,116,120,73,199,289,297,197,104,8,0,37,100,92,55,122,173,252,222,194,44,1
전라북도 완주군 동상면(4571040000),202009,22,18,46,25,62,138,155,69,27,2,0,17,25,36,28,35,123,114,74,66,9,0
전라북도 완주군 경천면(4571041000),202009,9,23,30,28,52,98,126,79,49,3,0,13,19,11,22,27,81,111,107,80,7,1
전라북도 완주군 삼례읍(4571025000),202010,345,609,945,670,"1,151","1,401","1,156",673,310,28,2,373,601,752,519,923,"1,042","1,138",841,631,97,3
전라북도 완주군 봉동읍(4571025300),202010,"1,541","1,768","1,514","1,705","2,585","2,034","1,286",760,282,31,2,"1,434","1,590","1,123","1,731","2,142","1,582","1,241",882,584,116,4
전라북도 완주군 용진읍(4571025600),202010,182,287,428,315,530,742,651,392,154,21,1,204,235,285,271,414,562,631,476,304,44,6
전라북도 완주군 상관면(4571032000),202010,145,200,237,182,335,455,370,251,88,7,0,138,195,167,166,310,352,368,261,155,39,6
전라북도 완주군 이서면(4571033000),202010,848,672,706,"1,122","1,371","1,142",791,419,151,19,0,845,687,714,"1,154","1,149","1,012",753,492,298,43,3
전라북도 완주군 소양면(4571034000),202010,117,192,307,251,361,672,699,413,171,10,2,121,152,251,192,248,579,630,446,320,52,5
전라북도 완주군 구이면(4571035000),202010,90,195,299,188,327,657,672,360,144,13,0,109,191,265,190,277,557,567,403,298,52,4
전라북도 완주군 고산면(4571036000),202010,121,173,225,192,324,476,449,303,138,15,1,118,121,156,150,236,396,410,386,282,53,0
전라북도 완주군 비봉면(4571037000),202010,35,59,74,52,110,198,211,159,68,9,2,31,59,53,57,87,141,182,166,133,38,1
전라북도 완주군 운주면(4571038000),202010,25,39,55,61,111,211,239,154,74,5,0,31,22,49,27,77,173,221,210,143,21,0
전라북도 완주군 화산면(4571039000),202010,40,117,116,72,198,288,297,201,105,8,0,37,103,91,57,123,174,256,219,194,44,1
전라북도 완주군 동상면(4571040000),202010,22,17,47,26,59,138,158,69,26,2,0,17,25,34,29,35,123,116,72,67,10,0
전라북도 완주군 경천면(4571041000),202010,9,24,30,26,53,96,127,80,49,3,0,13,19,10,23,27,79,110,108,79,7,1
전라북도 완주군 삼례읍(4571025000),202011,345,598,949,678,"1,147","1,413","1,164",676,311,27,2,368,604,751,523,925,"1,045","1,145",841,628,100,3
전라북도 완주군 봉동읍(4571025300),202011,"1,518","1,766","1,512","1,688","2,604","2,027","1,309",759,287,30,2,"1,419","1,598","1,126","1,722","2,136","1,589","1,246",890,582,115,4
전라북도 완주군 용진읍(4571025600),202011,175,282,424,312,516,750,654,402,154,20,1,205,232,282,273,413,568,630,476,304,42,6
전라북도 완주군 상관면(4571032000),202011,144,200,238,177,333,461,374,247,91,7,0,137,194,163,162,312,352,368,264,153,41,6
전라북도 완주군 이서면(4571033000),202011,841,667,704,"1,113","1,361","1,145",799,424,149,20,0,831,682,714,"1,148","1,153","1,001",755,494,296,43,3
전라북도 완주군 소양면(4571034000),202011,116,194,302,253,357,669,702,417,171,9,2,119,155,244,189,249,581,635,448,324,51,5
전라북도 완주군 구이면(4571035000),202011,89,197,289,184,319,651,673,360,146,11,0,107,192,259,191,272,553,573,396,299,53,4
전라북도 완주군 고산면(4571036000),202011,121,177,224,195,325,470,446,304,135,16,1,115,119,160,152,234,387,414,386,279,55,0
전라북도 완주군 비봉면(4571037000),202011,35,58,74,49,111,194,212,160,69,8,2,30,59,56,57,85,143,182,166,130,37,1
전라북도 완주군 운주면(4571038000),202011,24,40,57,61,109,208,242,158,74,5,0,32,22,46,28,75,173,220,210,144,20,0
전라북도 완주군 화산면(4571039000),202011,41,113,118,72,197,286,299,204,104,9,0,37,104,89,55,122,177,252,221,195,42,2
전라북도 완주군 동상면(4571040000),202011,22,17,46,25,58,134,162,69,26,2,0,17,25,33,28,35,123,117,73,67,10,0
전라북도 완주군 경천면(4571041000),202011,8,24,30,26,53,94,127,81,48,3,0,13,20,11,20,27,78,110,106,79,7,1
전라북도 완주군 삼례읍(4571025000),202012,350,593,960,694,"1,146","1,422","1,161",680,316,27,1,366,598,764,528,925,"1,047","1,153",838,627,103,3
전라북도 완주군 봉동읍(4571025300),202012,"1,514","1,787","1,525","1,689","2,614","2,039","1,308",768,283,32,2,"1,425","1,592","1,131","1,732","2,142","1,597","1,255",892,586,113,4
전라북도 완주군 용진읍(4571025600),202012,179,281,428,309,522,752,661,402,157,20,0,204,234,294,276,414,570,631,477,308,43,6
전라북도 완주군 상관면(4571032000),202012,146,194,231,176,331,460,377,249,89,7,0,134,191,160,163,308,347,365,265,155,39,6
전라북도 완주군 이서면(4571033000),202012,838,673,710,"1,109","1,369","1,135",799,427,149,20,0,840,675,699,"1,148","1,147",997,766,497,297,44,3
전라북도 완주군 소양면(4571034000),202012,111,191,304,254,363,663,711,422,174,9,2,120,157,240,182,254,577,632,454,320,53,5
전라북도 완주군 구이면(4571035000),202012,89,195,290,183,317,645,668,365,148,11,0,107,187,260,190,270,554,567,401,298,55,4
전라북도 완주군 고산면(4571036000),202012,122,176,224,193,327,467,453,299,135,16,1,115,114,162,157,233,386,420,389,276,59,0
전라북도 완주군 비봉면(4571037000),202012,35,55,76,51,111,190,216,158,71,7,2,30,51,63,55,83,141,184,163,133,37,1
전라북도 완주군 운주면(4571038000),202012,23,38,55,60,109,209,245,160,74,5,0,29,23,48,29,74,171,221,209,144,21,0
전라북도 완주군 화산면(4571039000),202012,39,115,118,72,193,282,298,206,102,9,0,37,104,91,57,123,177,250,220,196,42,2
전라북도 완주군 동상면(4571040000),202012,22,16,48,25,57,133,160,70,25,2,0,15,26,32,30,35,121,118,71,68,10,0
전라북도 완주군 경천면(4571041000),202012,8,25,30,26,55,93,127,80,49,3,0,13,20,13,20,26,79,112,105,79,7,1
전라북도 완주군 삼례읍(4571025000),202101,342,591,957,692,"1,154","1,417","1,167",687,318,28,1,366,591,785,517,929,"1,044","1,163",843,628,105,2
전라북도 완주군 봉동읍(4571025300),202101,"1,486","1,772","1,532","1,674","2,613","2,040","1,333",773,284,32,2,"1,400","1,606","1,139","1,705","2,147","1,601","1,268",895,582,115,4
전라북도 완주군 용진읍(4571025600),202101,175,276,422,292,527,745,669,398,160,20,0,204,228,288,279,409,567,635,480,307,44,6
전라북도 완주군 상관면(4571032000),202101,147,194,224,171,330,460,380,249,90,7,0,135,188,162,159,310,342,371,266,155,40,6
전라북도 완주군 이서면(4571033000),202101,822,678,701,"1,096","1,359","1,134",805,428,152,20,0,832,674,684,"1,138","1,157",990,773,502,299,45,3
전라북도 완주군 소양면(4571034000),202101,112,193,298,247,365,656,713,423,175,10,2,120,153,236,180,256,568,643,448,322,58,5
전라북도 완주군 구이면(4571035000),202101,91,193,289,185,313,639,676,365,149,11,0,109,189,256,194,268,555,570,401,299,52,5
전라북도 완주군 고산면(4571036000),202101,119,173,220,188,324,471,449,305,132,18,1,115,108,164,154,230,384,413,386,278,59,0
전라북도 완주군 비봉면(4571037000),202101,34,55,72,48,114,189,215,157,70,8,2,29,48,61,52,84,141,184,165,133,37,1
전라북도 완주군 운주면(4571038000),202101,23,38,54,58,114,206,244,164,73,5,0,28,23,48,28,74,169,225,207,145,20,0
전라북도 완주군 화산면(4571039000),202101,40,119,115,73,188,284,299,207,102,9,0,38,100,92,57,127,177,248,220,196,41,3
전라북도 완주군 동상면(4571040000),202101,22,16,47,25,57,131,159,70,25,2,0,15,24,33,31,35,119,120,71,67,10,0
전라북도 완주군 경천면(4571041000),202101,8,25,30,25,53,93,126,84,49,3,0,12,21,12,20,26,74,115,105,79,8,1
전라북도 완주군 삼례읍(4571025000),202102,338,588,963,692,"1,146","1,410","1,174",690,319,30,1,365,588,790,511,933,"1,045","1,171",839,635,107,2
전라북도 완주군 봉동읍(4571025300),202102,"1,468","1,764","1,523","1,669","2,607","2,033","1,354",774,287,33,2,"1,388","1,602","1,140","1,679","2,152","1,600","1,272",903,581,119,5
전라북도 완주군 용진읍(4571025600),202102,174,270,418,296,515,753,673,398,163,21,0,200,220,289,274,407,566,634,486,308,46,6
전라북도 완주군 상관면(4571032000),202102,146,197,228,173,333,456,386,247,92,6,0,136,184,166,161,310,340,376,267,156,40,6
전라북도 완주군 이서면(4571033000),202102,812,675,697,"1,105","1,358","1,134",811,430,152,21,0,825,670,673,"1,125","1,161",993,772,501,305,45,3
전라북도 완주군 소양면(4571034000),202102,110,196,299,243,369,651,718,427,178,10,2,120,157,230,181,251,568,649,441,326,59,5
전라북도 완주군 구이면(4571035000),202102,91,194,291,186,307,634,685,366,148,11,0,106,185,251,190,268,554,572,400,304,53,5
전라북도 완주군 고산면(4571036000),202102,119,171,219,183,330,467,451,308,135,18,1,119,112,159,154,234,382,417,385,282,57,0
전라북도 완주군 비봉면(4571037000),202102,32,57,69,49,112,187,216,159,70,8,2,28,49,61,51,84,139,185,165,133,38,1
전라북도 완주군 운주면(4571038000),202102,24,36,51,55,111,206,248,163,74,6,0,28,22,47,28,74,168,226,208,145,21,1
전라북도 완주군 화산면(4571039000),202102,41,125,116,75,186,284,302,208,104,9,0,38,102,96,64,128,175,252,219,196,42,3
전라북도 완주군 동상면(4571040000),202102,21,16,45,26,55,130,160,68,25,3,0,11,24,32,30,33,120,123,72,69,10,0
전라북도 완주군 경천면(4571041000),202102,8,25,30,25,52,93,127,81,51,2,0,12,22,12,21,28,74,115,104,78,9,1
전라북도 완주군 삼례읍(4571025000),202103,336,590,970,694,"1,143","1,404","1,177",689,318,30,2,364,584,795,502,931,"1,027","1,170",836,627,106,1
전라북도 완주군 봉동읍(4571025300),202103,"1,444","1,752","1,512","1,640","2,591","2,033","1,371",780,290,31,2,"1,376","1,596","1,127","1,658","2,149","1,590","1,291",894,586,117,3
전라북도 완주군 용진읍(4571025600),202103,175,268,412,296,517,750,683,392,164,21,0,197,222,286,277,406,554,637,480,315,46,4
전라북도 완주군 상관면(4571032000),202103,141,196,225,172,331,457,389,245,94,6,0,133,185,163,159,306,342,372,269,159,39,3
전라북도 완주군 이서면(4571033000),202103,813,673,691,"1,105","1,355","1,136",806,437,155,22,0,828,670,659,"1,122","1,159",998,781,505,305,49,3
전라북도 완주군 소양면(4571034000),202103,111,195,298,244,361,647,715,425,178,8,1,121,151,228,179,239,553,647,442,329,57,3
전라북도 완주군 구이면(4571035000),202103,87,191,289,180,309,635,695,364,149,11,0,102,187,254,183,268,546,576,399,309,53,4
전라북도 완주군 고산면(4571036000),202103,119,167,220,183,324,460,465,308,134,19,1,120,113,155,157,225,382,425,386,281,57,0
전라북도 완주군 비봉면(4571037000),202103,32,55,69,50,111,188,217,157,72,8,0,29,47,62,49,84,136,186,165,135,37,1
전라북도 완주군 운주면(4571038000),202103,24,38,49,55,110,204,249,159,75,6,0,28,22,44,28,76,164,227,208,144,21,1
전라북도 완주군 화산면(4571039000),202103,39,119,117,73,184,280,304,208,101,10,0,38,95,95,62,126,168,251,223,195,42,3
전라북도 완주군 동상면(4571040000),202103,20,17,44,26,56,129,164,67,25,3,0,13,24,34,30,32,118,126,71,70,10,0
전라북도 완주군 경천면(4571041000),202103,7,23,32,26,53,94,129,82,52,2,0,13,22,12,19,29,78,116,102,80,8,1
전라북도 완주군 삼례읍(4571025000),202104,333,579,966,699,"1,137","1,420","1,182",698,322,30,2,364,581,799,506,925,"1,026","1,188",834,629,108,1
전라북도 완주군 봉동읍(4571025300),202104,"1,440","1,752","1,527","1,639","2,579","2,053","1,371",777,294,31,2,"1,366","1,603","1,119","1,643","2,156","1,592","1,307",891,580,117,3
전라북도 완주군 용진읍(4571025600),202104,170,266,414,300,509,757,691,392,165,21,0,197,220,287,279,407,550,644,480,315,46,4
전라북도 완주군 상관면(4571032000),202104,141,192,229,167,329,456,391,246,95,6,0,132,186,159,158,308,344,374,269,159,39,3
전라북도 완주군 이서면(4571033000),202104,808,679,693,"1,092","1,342","1,149",812,441,152,21,0,826,659,676,"1,112","1,155","1,009",783,509,303,46,3
전라북도 완주군 소양면(4571034000),202104,110,193,294,243,359,642,714,426,179,10,1,119,149,228,178,236,544,650,435,334,54,3
전라북도 완주군 구이면(4571035000),202104,88,188,281,182,305,633,701,367,147,11,0,101,184,249,179,267,545,581,395,315,53,4
전라북도 완주군 고산면(4571036000),202104,120,165,218,185,318,454,471,309,132,19,1,119,112,152,156,223,383,425,383,287,56,0
전라북도 완주군 비봉면(4571037000),202104,30,55,68,50,112,185,217,158,73,8,0,29,47,61,47,84,137,186,166,136,38,1
전라북도 완주군 운주면(4571038000),202104,24,38,47,56,109,202,250,159,75,5,0,28,22,44,27,74,165,230,205,141,22,1
전라북도 완주군 화산면(4571039000),202104,39,121,115,70,180,286,306,208,101,10,0,36,96,93,58,130,170,253,222,198,41,3
전라북도 완주군 동상면(4571040000),202104,20,19,44,27,59,128,168,65,25,4,0,14,24,35,31,33,120,126,71,71,10,0
전라북도 완주군 경천면(4571041000),202104,8,23,33,26,52,91,132,81,52,3,0,13,22,13,20,29,79,118,101,77,8,1
전라북도 완주군 삼례읍(4571025000),202105,337,575,976,708,"1,119","1,431","1,203",699,325,28,2,359,583,804,501,925,"1,035","1,184",838,629,110,1
전라북도 완주군 봉동읍(4571025300),202105,"1,426","1,760","1,540","1,632","2,579","2,059","1,376",779,295,32,2,"1,355","1,607","1,115","1,641","2,155","1,606","1,307",894,579,117,2
전라북도 완주군 용진읍(4571025600),202105,171,264,412,292,507,757,696,393,167,22,0,194,222,287,273,405,549,645,479,318,49,4
전라북도 완주군 상관면(4571032000),202105,141,195,225,169,323,455,396,245,98,5,0,131,182,161,154,302,345,375,271,159,38,3
전라북도 완주군 이서면(4571033000),202105,800,679,687,"1,077","1,337","1,150",823,445,150,20,0,824,654,673,"1,100","1,162","1,014",780,514,309,45,3
전라북도 완주군 소양면(4571034000),202105,107,191,296,238,354,638,718,424,184,9,1,116,148,221,178,231,545,652,431,338,56,3
전라북도 완주군 구이면(4571035000),202105,84,190,279,180,308,625,703,370,148,11,0,101,186,250,184,267,553,578,394,314,55,2
전라북도 완주군 고산면(4571036000),202105,115,165,218,187,312,455,468,306,137,19,1,120,110,146,161,215,385,426,388,290,56,0
전라북도 완주군 비봉면(4571037000),202105,30,53,70,51,113,186,219,158,74,8,0,29,46,60,47,80,139,189,165,134,40,1
전라북도 완주군 운주면(4571038000),202105,25,40,47,54,112,198,250,154,78,4,0,28,22,45,29,70,163,234,202,143,22,1
전라북도 완주군 화산면(4571039000),202105,38,122,117,68,174,286,307,210,101,11,0,35,96,91,57,131,172,253,223,199,41,3
전라북도 완주군 동상면(4571040000),202105,19,21,43,25,61,129,167,65,22,5,0,16,24,36,32,33,121,125,71,72,10,0
전라북도 완주군 경천면(4571041000),202105,8,23,32,28,52,89,134,80,52,3,0,13,22,13,21,29,81,119,99,78,8,1
전라북도 완주군 삼례읍(4571025000),202106,335,574,975,710,"1,112","1,419","1,210",697,331,28,2,354,581,789,498,910,"1,028","1,187",842,628,112,1
전라북도 완주군 봉동읍(4571025300),202106,"1,414","1,766","1,555","1,633","2,572","2,058","1,395",783,291,35,2,"1,348","1,609","1,122","1,642","2,167","1,597","1,322",881,586,117,2
전라북도 완주군 용진읍(4571025600),202106,169,265,408,290,503,762,695,389,167,23,0,190,225,292,268,406,547,649,474,320,51,4
전라북도 완주군 상관면(4571032000),202106,143,188,226,169,320,450,396,241,96,6,0,132,183,163,153,295,348,373,275,161,38,3
전라북도 완주군 이서면(4571033000),202106,798,675,686,"1,068","1,333","1,149",830,448,151,20,0,819,654,661,"1,101","1,161","1,011",784,518,307,44,3
전라북도 완주군 소양면(4571034000),202106,105,190,290,236,347,630,724,427,181,9,1,113,150,221,175,232,542,662,430,337,56,3
전라북도 완주군 구이면(4571035000),202106,81,194,282,180,308,623,703,367,148,11,0,100,186,247,183,272,557,576,394,317,56,2
전라북도 완주군 고산면(4571036000),202106,112,165,221,183,311,453,477,303,137,19,1,119,111,143,162,215,380,432,385,294,55,0
전라북도 완주군 비봉면(4571037000),202106,28,53,68,49,114,185,225,157,75,8,0,28,47,59,45,77,138,189,165,133,41,1
전라북도 완주군 운주면(4571038000),202106,25,40,47,54,108,204,253,157,78,4,0,28,22,45,31,70,164,233,203,142,22,1
전라북도 완주군 화산면(4571039000),202106,36,123,113,65,170,280,312,212,98,10,0,35,94,87,58,130,170,254,222,197,43,3
전라북도 완주군 동상면(4571040000),202106,19,21,42,24,56,132,166,66,21,5,0,16,23,33,34,29,122,129,70,73,10,0
전라북도 완주군 경천면(4571041000),202106,8,23,31,28,52,88,133,81,51,4,0,12,22,13,20,30,80,118,101,77,9,1
전라북도 완주군 삼례읍(4571025000),202107,338,566,980,694,"1,100","1,420","1,220",694,330,27,2,351,578,787,498,902,"1,031","1,184",850,631,111,1
전라북도 완주군 봉동읍(4571025300),202107,"1,415","1,784","1,583","1,658","2,590","2,096","1,427",783,295,34,2,"1,353","1,617","1,157","1,638","2,215","1,621","1,360",885,593,117,2
전라북도 완주군 용진읍(4571025600),202107,163,260,401,280,497,757,692,389,168,23,0,186,222,285,260,391,546,644,472,320,51,4
전라북도 완주군 상관면(4571032000),202107,141,189,227,162,329,446,397,241,97,6,0,132,183,165,152,293,353,379,273,160,37,3
전라북도 완주군 이서면(4571033000),202107,796,676,693,"1,058","1,334","1,144",836,451,153,19,0,812,661,665,"1,092","1,166","1,020",790,524,311,44,3
전라북도 완주군 소양면(4571034000),202107,100,187,294,232,346,633,726,426,179,13,1,112,150,217,174,233,540,669,430,336,57,3
전라북도 완주군 구이면(4571035000),202107,79,190,284,182,303,625,703,370,147,11,0,99,182,245,183,270,556,581,394,316,56,2
전라북도 완주군 고산면(4571036000),202107,107,163,221,181,311,446,480,303,137,17,1,119,106,138,163,208,372,428,380,293,56,0
전라북도 완주군 비봉면(4571037000),202107,27,55,65,51,112,185,226,156,76,8,0,27,48,59,44,77,138,190,163,136,40,1
전라북도 완주군 운주면(4571038000),202107,25,39,45,54,108,202,258,157,80,4,0,28,22,44,31,71,163,235,204,143,22,1
전라북도 완주군 화산면(4571039000),202107,35,124,114,64,166,278,312,212,95,11,0,38,91,85,56,127,168,260,220,196,43,3
전라북도 완주군 동상면(4571040000),202107,18,20,43,24,55,129,171,67,21,5,0,16,22,34,33,29,120,131,71,73,10,0
전라북도 완주군 경천면(4571041000),202107,8,22,31,25,51,89,133,79,54,4,0,11,20,13,20,30,80,119,102,76,9,1
전라북도 완주군 삼례읍(4571025000),202108,335,561,975,691,"1,096","1,423","1,231",697,327,29,2,344,571,791,490,892,"1,024","1,194",853,635,114,1
전라북도 완주군 봉동읍(4571025300),202108,"1,410","1,792","1,599","1,665","2,593","2,108","1,436",785,300,34,2,"1,353","1,610","1,167","1,638","2,223","1,641","1,367",887,597,117,2
전라북도 완주군 용진읍(4571025600),202108,165,263,396,278,495,761,699,391,170,22,0,186,221,278,258,391,551,651,474,323,53,4
전라북도 완주군 상관면(4571032000),202108,137,187,224,161,332,443,402,243,97,6,0,131,181,162,153,288,352,383,274,160,36,2
전라북도 완주군 이서면(4571033000),202108,784,687,683,"1,058","1,342","1,143",844,452,152,19,0,817,668,660,"1,096","1,162","1,016",795,524,311,46,3
전라북도 완주군 소양면(4571034000),202108,99,184,292,229,338,639,725,427,178,17,1,108,153,216,171,234,536,675,423,339,57,3
전라북도 완주군 구이면(4571035000),202108,79,187,286,177,304,628,704,370,143,10,0,99,180,244,176,271,556,579,396,317,54,2
전라북도 완주군 고산면(4571036000),202108,99,165,217,179,311,447,474,305,138,17,1,118,105,135,158,213,372,427,378,298,56,0
전라북도 완주군 비봉면(4571037000),202108,28,55,66,50,112,186,227,155,75,8,0,26,46,55,44,76,137,189,161,138,39,1
전라북도 완주군 운주면(4571038000),202108,24,40,43,56,108,202,259,158,81,4,0,28,23,41,31,73,163,235,205,142,23,1
전라북도 완주군 화산면(4571039000),202108,34,122,114,63,165,274,316,213,94,12,0,37,89,81,56,123,165,260,221,197,43,3
전라북도 완주군 동상면(4571040000),202108,17,21,42,23,55,127,175,66,21,5,0,15,22,32,35,28,118,134,70,74,9,0
전라북도 완주군 경천면(4571041000),202108,8,21,31,24,50,91,132,79,54,4,0,11,19,13,17,30,77,120,104,76,9,1
전라북도 완주군 삼례읍(4571025000),202109,332,564,967,691,"1,089","1,435","1,234",704,329,30,2,339,559,792,496,893,"1,024","1,196",861,637,116,1
전라북도 완주군 봉동읍(4571025300),202109,"1,399","1,788","1,606","1,656","2,603","2,113","1,442",791,300,35,2,"1,354","1,618","1,158","1,656","2,222","1,656","1,371",893,588,121,2
전라북도 완주군 용진읍(4571025600),202109,162,260,380,275,486,759,695,393,169,22,0,182,220,273,255,390,553,644,470,320,55,4
전라북도 완주군 상관면(4571032000),202109,138,189,216,163,327,437,404,245,98,6,0,132,179,158,154,286,353,388,269,167,37,2
전라북도 완주군 이서면(4571033000),202109,783,686,682,"1,056","1,341","1,151",848,455,151,18,0,815,667,677,"1,088","1,169","1,012",796,523,309,48,3
전라북도 완주군 소양면(4571034000),202109,96,184,289,225,331,624,735,432,178,17,1,106,154,206,161,234,538,674,419,336,61,3
전라북도 완주군 구이면(4571035000),202109,79,187,285,177,302,633,704,370,143,10,0,100,180,237,173,275,553,586,395,322,53,2
전라북도 완주군 고산면(4571036000),202109,98,162,210,176,307,454,471,303,140,17,1,118,103,127,151,210,370,428,377,295,57,0
전라북도 완주군 비봉면(4571037000),202109,28,55,65,50,106,188,229,150,78,7,0,26,46,50,46,75,134,190,161,138,38,1
전라북도 완주군 운주면(4571038000),202109,24,40,41,56,107,206,259,158,83,4,0,27,23,42,32,72,164,235,206,144,24,1
전라북도 완주군 화산면(4571039000),202109,34,118,113,60,161,284,312,218,92,14,0,37,88,80,55,119,168,258,223,198,45,3
전라북도 완주군 동상면(4571040000),202109,16,22,42,23,53,129,178,65,22,5,0,15,21,31,33,28,116,133,71,72,9,0
전라북도 완주군 경천면(4571041000),202109,8,20,34,24,50,93,130,79,54,4,0,10,20,13,16,30,76,121,103,77,8,0
전라북도 완주군 삼례읍(4571025000),202110,333,563,961,696,"1,088","1,440","1,243",702,327,31,2,340,556,781,498,880,"1,036","1,203",858,641,117,1
전라북도 완주군 봉동읍(4571025300),202110,"1,392","1,802","1,599","1,663","2,597","2,115","1,453",791,301,36,2,"1,342","1,608","1,159","1,645","2,234","1,662","1,377",896,587,121,2
전라북도 완주군 용진읍(4571025600),202110,167,262,380,275,485,759,700,395,170,22,0,184,223,269,257,388,559,648,465,327,56,4
전라북도 완주군 상관면(4571032000),202110,137,187,214,159,329,436,403,246,100,6,0,129,179,154,153,286,351,388,267,168,35,2
전라북도 완주군 이서면(4571033000),202110,775,691,685,"1,041","1,336","1,153",853,454,150,18,0,805,665,672,"1,079","1,169","1,014",800,517,311,49,3
전라북도 완주군 소양면(4571034000),202110,102,182,292,220,332,615,737,434,180,17,1,107,153,205,160,231,539,677,416,336,62,3
전라북도 완주군 구이면(4571035000),202110,80,183,283,175,299,629,716,362,145,10,0,97,177,236,179,271,555,581,392,321,55,2
전라북도 완주군 고산면(4571036000),202110,98,156,211,173,305,456,476,304,140,18,1,116,107,126,149,203,374,426,376,296,56,0
전라북도 완주군 비봉면(4571037000),202110,27,56,64,49,109,184,234,147,76,7,0,27,46,47,47,75,132,194,157,136,40,1
전라북도 완주군 운주면(4571038000),202110,23,39,39,57,106,207,260,157,83,5,0,25,24,43,32,69,167,232,205,143,24,1
전라북도 완주군 화산면(4571039000),202110,34,118,111,60,159,284,310,217,93,15,0,43,89,79,54,116,170,259,224,197,46,2
전라북도 완주군 동상면(4571040000),202110,15,23,44,22,52,130,180,65,22,5,0,15,21,32,35,27,117,132,73,70,10,0
전라북도 완주군 경천면(4571041000),202110,8,20,34,24,49,92,131,79,54,4,0,8,19,14,16,29,76,119,103,79,8,0
전라북도 완주군 삼례읍(4571025000),202111,333,570,973,702,"1,084","1,435","1,258",696,336,29,2,339,553,789,501,873,"1,044","1,202",862,647,117,0
전라북도 완주군 봉동읍(4571025300),202111,"1,381","1,812","1,578","1,642","2,607","2,130","1,462",790,303,35,2,"1,329","1,625","1,162","1,621","2,241","1,665","1,395",903,585,121,2
전라북도 완주군 용진읍(4571025600),202111,165,258,385,272,487,756,698,399,171,22,0,182,226,276,256,384,561,651,462,330,55,4
전라북도 완주군 상관면(4571032000),202111,137,184,210,158,331,435,407,251,101,7,0,126,179,153,148,282,350,396,267,165,36,1
전라북도 완주군 이서면(4571033000),202111,763,702,678,"1,035","1,334","1,141",864,460,150,19,0,788,672,669,"1,060","1,181","1,018",804,524,313,50,3
전라북도 완주군 소양면(4571034000),202111,105,182,286,218,332,615,737,429,185,17,1,107,156,204,162,232,541,680,416,334,62,4
전라북도 완주군 구이면(4571035000),202111,82,184,282,175,296,626,724,361,145,10,0,96,176,236,175,275,554,582,388,321,54,2
전라북도 완주군 고산면(4571036000),202111,101,155,206,179,298,457,480,307,138,19,1,116,105,125,152,204,371,430,371,301,56,0
전라북도 완주군 비봉면(4571037000),202111,26,56,66,48,105,186,231,147,74,7,0,27,47,46,47,76,130,194,159,135,40,1
전라북도 완주군 운주면(4571038000),202111,23,39,37,54,109,205,259,155,83,5,0,25,24,43,33,67,165,230,203,143,25,1
전라북도 완주군 화산면(4571039000),202111,36,118,112,59,154,287,313,215,91,15,0,44,93,79,53,114,172,262,223,199,45,2
전라북도 완주군 동상면(4571040000),202111,14,24,45,22,51,129,183,64,21,5,0,15,23,33,36,27,115,133,73,69,10,0
전라북도 완주군 경천면(4571041000),202111,8,20,35,24,51,93,133,80,52,5,0,8,19,14,15,29,78,118,102,82,8,0
전라북도 완주군 삼례읍(4571025000),202112,328,561,968,713,"1,072","1,442","1,255",706,337,29,1,333,544,786,511,863,"1,053","1,210",857,651,119,0
전라북도 완주군 봉동읍(4571025300),202112,"1,380","1,809","1,584","1,627","2,610","2,148","1,464",796,305,34,2,"1,330","1,620","1,175","1,621","2,250","1,672","1,401",897,592,117,1
전라북도 완주군 용진읍(4571025600),202112,164,260,383,269,483,744,707,404,171,21,1,179,224,282,256,382,565,652,461,331,57,2
전라북도 완주군 상관면(4571032000),202112,132,186,212,159,327,445,400,253,102,7,0,122,180,152,146,281,353,394,266,166,38,0
전라북도 완주군 이서면(4571033000),202112,749,700,686,"1,029","1,337","1,142",864,459,156,20,0,777,677,665,"1,054","1,190","1,023",794,529,313,51,3
전라북도 완주군 소양면(4571034000),202112,108,181,282,219,331,613,738,424,187,18,1,106,154,202,163,231,542,681,417,332,62,4
전라북도 완주군 구이면(4571035000),202112,82,182,291,175,294,623,724,359,145,11,0,100,172,239,174,274,555,580,386,320,55,2
전라북도 완주군 고산면(4571036000),202112,98,158,210,177,291,459,479,309,139,19,1,114,107,123,150,210,371,426,367,303,57,0
전라북도 완주군 비봉면(4571037000),202112,26,58,66,50,103,187,231,148,75,7,0,25,46,46,45,74,133,196,160,132,38,1
전라북도 완주군 운주면(4571038000),202112,23,39,37,55,109,205,260,153,85,5,0,25,23,42,35,67,164,233,196,147,24,1
전라북도 완주군 화산면(4571039000),202112,35,118,108,63,152,286,310,215,92,15,0,44,91,83,52,118,173,262,218,203,45,2
전라북도 완주군 동상면(4571040000),202112,14,24,42,24,52,126,186,63,22,5,0,13,24,32,35,26,118,133,72,69,10,0
전라북도 완주군 경천면(4571041000),202112,9,20,35,22,51,96,132,80,51,4,0,8,19,14,18,29,78,118,100,80,10,0
전라북도 완주군 삼례읍(4571025000),202201,329,558,970,713,"1,072","1,441","1,256",705,340,29,1,332,545,783,510,864,"1,056","1,214",849,661,123,0
전라북도 완주군 봉동읍(4571025300),202201,"1,366","1,808","1,572","1,622","2,608","2,143","1,478",793,316,35,2,"1,313","1,602","1,150","1,615","2,248","1,669","1,390",895,607,116,1
전라북도 완주군 용진읍(4571025600),202201,158,260,377,268,487,742,714,411,171,20,1,177,224,282,254,384,562,658,454,345,57,1
전라북도 완주군 상관면(4571032000),202201,130,186,211,156,325,445,400,255,104,7,0,121,179,149,144,283,349,393,267,169,35,0
전라북도 완주군 이서면(4571033000),202201,746,705,675,"1,019","1,330","1,145",862,448,171,19,0,774,674,656,"1,049","1,195","1,021",803,528,315,52,3
전라북도 완주군 소양면(4571034000),202201,108,174,283,217,322,610,740,429,186,18,1,106,155,200,163,227,536,683,417,330,61,3
전라북도 완주군 구이면(4571035000),202201,79,186,291,174,288,630,729,361,150,11,0,97,176,236,175,281,555,584,385,318,57,2
전라북도 완주군 고산면(4571036000),202201,98,158,210,175,301,454,487,309,138,20,1,111,107,126,150,208,371,427,363,308,58,0
전라북도 완주군 비봉면(4571037000),202201,26,58,67,50,101,186,230,148,78,7,0,25,43,48,43,75,137,195,158,133,39,1
전라북도 완주군 운주면(4571038000),202201,22,39,40,55,110,206,261,151,89,5,0,22,26,43,37,65,162,240,192,150,25,1
전라북도 완주군 화산면(4571039000),202201,33,120,101,67,151,288,311,211,97,15,0,44,95,83,51,119,172,260,215,210,46,2
전라북도 완주군 동상면(4571040000),202201,14,24,41,24,50,124,185,63,23,5,0,13,22,32,33,26,117,133,71,69,10,0
전라북도 완주군 경천면(4571041000),202201,9,21,34,22,51,96,129,83,53,4,0,8,20,14,19,28,78,119,100,83,10,1
전라북도 완주군 삼례읍(4571025000),202202,330,561,983,711,"1,077","1,454","1,264",708,341,31,1,335,545,772,519,866,"1,064","1,221",850,656,122,0
전라북도 완주군 봉동읍(4571025300),202202,"1,347","1,805","1,563","1,605","2,603","2,144","1,484",791,320,35,1,"1,299","1,598","1,137","1,593","2,262","1,669","1,394",897,613,117,1
전라북도 완주군 용진읍(4571025600),202202,155,256,379,274,483,744,717,414,173,20,1,171,227,278,250,382,560,659,450,344,61,1
전라북도 완주군 상관면(4571032000),202202,128,186,207,152,321,443,401,256,103,7,0,116,178,143,143,286,345,394,265,173,35,0
전라북도 완주군 이서면(4571033000),202202,759,712,682,"1,023","1,347","1,152",868,447,171,18,0,783,688,655,"1,064","1,213","1,029",803,532,320,52,3
전라북도 완주군 소양면(4571034000),202202,108,172,284,213,318,609,745,427,192,19,1,107,151,199,163,225,540,675,418,334,61,3
전라북도 완주군 구이면(4571035000),202202,79,188,279,173,288,624,730,362,151,10,0,90,170,231,171,280,542,593,388,319,55,2
전라북도 완주군 고산면(4571036000),202202,99,153,203,179,300,456,486,308,139,20,1,111,105,123,147,211,369,423,365,307,59,0
전라북도 완주군 비봉면(4571037000),202202,26,59,67,49,100,188,229,148,81,6,0,26,46,46,40,82,136,195,156,135,36,1
전라북도 완주군 운주면(4571038000),202202,23,39,39,53,110,204,263,148,89,6,0,21,26,42,37,64,162,242,192,148,27,1
전라북도 완주군 화산면(4571039000),202202,30,117,99,67,152,285,313,207,102,15,0,43,94,82,49,119,172,263,214,210,47,2
전라북도 완주군 동상면(4571040000),202202,15,24,41,22,50,122,188,61,24,5,0,13,24,29,33,27,115,133,72,69,10,0
전라북도 완주군 경천면(4571041000),202202,8,21,36,22,50,94,130,84,53,4,0,8,20,14,19,29,78,119,99,83,10,0
전라북도 완주군 삼례읍(4571025000),202203,339,559,992,719,"1,079","1,461","1,271",701,349,32,1,333,551,780,529,863,"1,067","1,228",854,650,125,0
전라북도 완주군 봉동읍(4571025300),202203,"1,345","1,791","1,566","1,581","2,600","2,133","1,494",791,325,33,1,"1,293","1,585","1,131","1,570","2,272","1,676","1,404",888,613,116,1
전라북도 완주군 용진읍(4571025600),202203,152,262,380,272,477,745,720,409,174,20,1,172,229,275,249,394,556,656,450,346,64,1
전라북도 완주군 상관면(4571032000),202203,129,186,205,148,315,450,400,258,100,9,0,111,181,142,142,283,349,394,265,167,39,0
전라북도 완주군 이서면(4571033000),202203,756,719,686,"1,036","1,341","1,163",868,450,175,17,0,780,696,653,"1,075","1,218","1,038",810,535,322,50,5
전라북도 완주군 소양면(4571034000),202203,104,169,278,214,314,608,739,428,192,20,1,105,150,203,161,221,535,682,416,334,60,2
전라북도 완주군 구이면(4571035000),202203,77,183,272,169,287,625,722,364,151,10,0,92,167,228,173,278,540,595,386,318,52,2
전라북도 완주군 고산면(4571036000),202203,98,156,204,181,300,458,486,309,139,20,1,110,106,119,149,208,367,427,362,306,59,0
전라북도 완주군 비봉면(4571037000),202203,26,59,67,50,96,191,225,145,82,8,0,26,44,42,42,80,138,192,153,137,35,1
전라북도 완주군 운주면(4571038000),202203,22,40,37,51,108,202,264,145,86,7,0,18,26,42,36,60,164,241,190,150,27,1
전라북도 완주군 화산면(4571039000),202203,30,116,100,67,153,285,313,203,104,13,0,43,93,83,47,115,174,260,211,212,48,2
전라북도 완주군 동상면(4571040000),202203,14,25,35,23,49,122,192,61,25,5,0,13,24,29,34,27,112,134,71,71,11,0
전라북도 완주군 경천면(4571041000),202203,8,19,36,21,50,94,133,83,54,4,0,8,20,15,18,28,77,121,97,85,10,1
전라북도 완주군 삼례읍(4571025000),202204,337,559,"1,009",739,"1,065","1,463","1,279",697,347,33,1,333,545,796,537,864,"1,070","1,227",856,649,125,1
전라북도 완주군 봉동읍(4571025300),202204,"1,335","1,793","1,564","1,580","2,594","2,146","1,505",789,319,32,1,"1,276","1,597","1,121","1,564","2,281","1,680","1,406",885,616,114,1
전라북도 완주군 용진읍(4571025600),202204,152,262,375,274,476,743,728,406,175,18,1,172,229,271,255,394,558,653,440,349,61,1
전라북도 완주군 상관면(4571032000),202204,128,187,201,152,319,449,398,260,99,9,0,111,181,144,139,283,346,386,269,166,36,1
전라북도 완주군 이서면(4571033000),202204,751,721,701,"1,022","1,339","1,165",869,453,174,18,0,773,700,646,"1,061","1,230","1,044",811,529,322,53,6
전라북도 완주군 소양면(4571034000),202204,105,166,281,215,309,609,736,431,190,19,1,102,146,203,160,217,530,683,409,336,60,2
전라북도 완주군 구이면(4571035000),202204,74,180,276,167,286,622,720,365,154,10,0,90,167,226,172,269,545,595,385,314,55,2
전라북도 완주군 고산면(4571036000),202204,102,158,197,184,296,460,489,306,138,20,1,109,107,120,148,208,365,426,358,310,60,0
전라북도 완주군 비봉면(4571037000),202204,24,61,68,50,100,191,224,151,80,8,0,25,44,43,41,83,135,194,148,141,35,1
전라북도 완주군 운주면(4571038000),202204,23,40,35,52,107,199,264,147,88,6,0,17,26,41,35,61,161,244,188,151,29,1
전라북도 완주군 화산면(4571039000),202204,29,116,104,66,153,282,317,201,103,13,0,42,95,84,46,114,173,264,205,217,48,2
전라북도 완주군 동상면(4571040000),202204,14,24,36,22,47,123,193,61,26,5,0,13,24,26,33,27,111,137,71,69,12,0
전라북도 완주군 경천면(4571041000),202204,8,18,35,21,50,96,134,83,55,4,0,8,19,16,17,26,78,124,94,87,10,0
전라북도 완주군 삼례읍(4571025000),202205,335,556,"1,012",747,"1,064","1,455","1,286",712,344,33,1,332,545,805,546,856,"1,068","1,230",859,657,122,2
전라북도 완주군 봉동읍(4571025300),202205,"1,321","1,800","1,554","1,562","2,594","2,155","1,509",791,322,31,1,"1,273","1,596","1,105","1,565","2,294","1,690","1,392",898,617,117,0
전라북도 완주군 용진읍(4571025600),202205,149,262,379,277,476,741,738,405,179,16,2,166,231,272,254,392,566,654,436,355,62,1
전라북도 완주군 상관면(4571032000),202205,125,187,197,152,318,443,398,262,99,9,0,108,180,142,141,281,348,385,262,166,36,1
전라북도 완주군 이서면(4571033000),202205,754,721,718,"1,027","1,349","1,159",872,452,174,16,0,764,703,651,"1,055","1,243","1,049",806,535,321,53,5
전라북도 완주군 소양면(4571034000),202205,102,159,278,212,309,611,735,430,190,16,1,104,147,199,157,216,541,680,414,337,59,2
전라북도 완주군 구이면(4571035000),202205,76,179,271,166,289,627,722,371,153,10,0,90,163,223,173,268,542,597,386,316,54,2
전라북도 완주군 고산면(4571036000),202205,101,159,194,184,298,459,493,306,143,19,1,109,105,117,148,207,363,425,361,308,61,0
전라북도 완주군 비봉면(4571037000),202205,24,63,70,49,102,189,220,152,81,8,0,24,47,46,41,83,139,193,146,138,38,2
전라북도 완주군 운주면(4571038000),202205,23,40,35,53,105,202,264,151,88,6,0,16,27,41,33,59,159,245,188,151,31,1
전라북도 완주군 화산면(4571039000),202205,28,113,104,66,149,276,320,206,104,12,0,43,94,86,46,111,173,264,207,217,48,2
전라북도 완주군 동상면(4571040000),202205,15,24,32,28,47,128,190,63,26,5,0,14,23,26,33,27,109,139,72,69,12,0
전라북도 완주군 경천면(4571041000),202205,7,19,33,23,48,99,133,84,54,4,0,8,20,16,17,26,76,125,94,87,10,0
전라북도 완주군 삼례읍(4571025000),202206,335,559,"1,032",762,"1,069","1,465","1,297",715,345,31,1,329,548,827,553,854,"1,081","1,223",864,661,121,2
전라북도 완주군 봉동읍(4571025300),202206,"1,308","1,806","1,534","1,559","2,589","2,161","1,515",789,322,32,1,"1,269","1,603","1,098","1,574","2,296","1,707","1,394",898,619,117,0
전라북도 완주군 용진읍(4571025600),202206,148,261,375,274,477,737,737,410,181,15,2,161,231,270,253,388,564,653,442,351,62,1
전라북도 완주군 상관면(4571032000),202206,124,191,194,149,319,439,404,259,100,9,0,106,177,141,134,282,349,389,257,168,36,0
전라북도 완주군 이서면(4571033000),202206,744,725,713,"1,028","1,345","1,165",872,453,176,16,0,757,710,654,"1,052","1,254","1,046",804,534,323,53,5
전라북도 완주군 소양면(4571034000),202206,103,157,278,210,310,603,743,431,191,17,1,105,147,205,156,216,548,677,417,336,60,2
전라북도 완주군 구이면(4571035000),202206,77,177,268,169,289,624,719,370,156,9,0,91,162,220,175,269,535,602,383,319,54,2
전라북도 완주군 고산면(4571036000),202206,100,159,187,181,300,461,495,300,144,17,1,109,107,116,147,208,356,429,355,311,60,0
전라북도 완주군 비봉면(4571037000),202206,22,65,68,50,99,187,223,153,81,8,0,23,46,47,38,84,139,193,145,139,37,2
전라북도 완주군 운주면(4571038000),202206,24,40,33,54,104,203,261,153,84,6,0,16,26,41,31,60,164,246,186,151,31,1
전라북도 완주군 화산면(4571039000),202206,28,112,104,66,151,275,320,205,103,13,0,44,95,84,47,113,166,267,207,218,48,2
전라북도 완주군 동상면(4571040000),202206,15,25,34,28,48,127,191,62,26,5,0,13,23,27,32,26,110,139,71,69,12,0
전라북도 완주군 경천면(4571041000),202206,7,20,33,23,47,98,134,82,54,4,0,8,20,16,17,26,77,125,92,86,10,0
전라북도 완주군 삼례읍(4571025000),202207,407,569,"1,089",876,"1,110","1,468","1,315",713,346,30,1,385,555,901,672,877,"1,096","1,232",862,670,119,2
전라북도 완주군 봉동읍(4571025300),202207,"1,287","1,796","1,524","1,538","2,588","2,150","1,528",790,326,33,1,"1,261","1,606","1,084","1,526","2,299","1,706","1,405",887,626,116,2
전라북도 완주군 용진읍(4571025600),202207,145,260,363,273,479,734,742,404,185,16,2,158,234,266,254,381,572,655,440,358,62,1
전라북도 완주군 상관면(4571032000),202207,119,196,191,151,320,435,409,255,104,8,0,104,180,137,134,288,350,391,258,166,38,0
전라북도 완주군 이서면(4571033000),202207,733,727,718,"1,002","1,350","1,169",873,449,176,17,0,745,709,652,"1,044","1,256","1,043",806,535,325,55,5
전라북도 완주군 소양면(4571034000),202207,101,155,271,204,307,603,741,437,189,18,1,107,147,202,157,214,544,685,417,334,61,2
전라북도 완주군 구이면(4571035000),202207,71,178,267,166,278,628,727,369,153,9,0,90,162,219,168,267,537,601,382,320,54,2
전라북도 완주군 고산면(4571036000),202207,99,157,187,179,293,462,498,303,142,17,1,108,109,118,140,209,352,431,355,311,60,0
전라북도 완주군 비봉면(4571037000),202207,20,64,67,47,100,188,225,154,80,7,0,22,46,45,39,82,140,191,145,140,38,2
전라북도 완주군 운주면(4571038000),202207,23,41,33,51,105,202,265,155,84,6,0,16,25,40,31,59,160,252,184,151,31,1
전라북도 완주군 화산면(4571039000),202207,26,115,106,65,151,274,322,205,102,13,0,43,93,82,47,109,168,267,207,217,48,2
전라북도 완주군 동상면(4571040000),202207,15,25,32,29,47,124,194,62,26,5,0,13,22,29,31,25,109,140,71,66,14,0
전라북도 완주군 경천면(4571041000),202207,8,20,32,24,49,99,135,82,53,4,0,8,21,16,18,28,78,126,93,86,10,0
전라북도 완주군 삼례읍(4571025000),202208,439,583,"1,104",949,"1,137","1,460","1,333",717,349,28,1,418,566,934,731,894,"1,098","1,242",859,677,120,2
전라북도 완주군 봉동읍(4571025300),202208,"1,271","1,804","1,529","1,515","2,588","2,144","1,552",788,330,32,1,"1,240","1,613","1,076","1,517","2,294","1,709","1,417",889,633,115,2
전라북도 완주군 용진읍(4571025600),202208,145,258,356,270,479,726,734,409,185,16,2,149,231,264,251,382,571,652,439,357,64,1
전라북도 완주군 상관면(4571032000),202208,117,194,188,154,320,432,412,254,106,8,0,102,182,136,133,287,353,388,261,167,37,0
전라북도 완주군 이서면(4571033000),202208,730,726,705,990,"1,349","1,162",885,442,181,17,0,736,712,642,"1,043","1,256","1,029",820,531,330,55,5
전라북도 완주군 소양면(4571034000),202208,100,153,270,207,300,607,742,438,191,19,1,102,147,196,158,213,540,689,414,338,61,2
전라북도 완주군 구이면(4571035000),202208,69,180,262,165,274,621,729,363,159,9,0,89,163,219,164,264,534,604,377,323,54,1
전라북도 완주군 고산면(4571036000),202208,97,157,193,182,293,459,496,305,139,15,1,108,109,119,132,206,345,428,351,310,60,0
전라북도 완주군 비봉면(4571037000),202208,20,65,64,46,102,186,224,154,79,8,0,23,44,46,38,80,141,191,144,139,40,2
전라북도 완주군 운주면(4571038000),202208,23,38,34,54,102,202,266,158,85,7,0,17,25,41,32,58,161,253,185,152,30,1
전라북도 완주군 화산면(4571039000),202208,26,112,108,65,149,275,325,205,103,13,0,45,89,82,46,113,168,264,202,221,48,2
전라북도 완주군 동상면(4571040000),202208,15,24,33,26,48,125,194,62,26,5,0,13,21,28,33,25,106,140,71,66,14,0
전라북도 완주군 경천면(4571041000),202208,8,20,30,24,47,101,137,82,53,4,0,8,21,15,19,29,77,125,93,86,10,0
전라북도 완주군 삼례읍(4571025000),202209,450,589,"1,107",965,"1,152","1,460","1,351",714,351,27,1,426,574,946,751,895,"1,101","1,257",858,681,123,2
전라북도 완주군 봉동읍(4571025300),202209,"1,247","1,810","1,530","1,494","2,579","2,145","1,563",792,328,32,0,"1,231","1,617","1,064","1,512","2,292","1,705","1,426",888,637,115,2
전라북도 완주군 용진읍(4571025600),202209,146,264,351,269,470,726,739,406,182,17,1,150,230,265,247,379,568,654,428,364,61,1
전라북도 완주군 상관면(4571032000),202209,118,193,181,158,314,431,415,250,107,8,0,101,180,137,133,281,355,388,258,170,36,0
전라북도 완주군 이서면(4571033000),202209,730,731,691,976,"1,347","1,162",897,437,182,17,0,724,715,639,"1,041","1,248","1,028",818,536,330,57,5
전라북도 완주군 소양면(4571034000),202209,97,153,264,206,295,597,748,440,190,18,1,102,148,194,156,211,532,691,410,343,60,2
전라북도 완주군 구이면(4571035000),202209,69,180,265,169,269,618,735,360,159,9,0,89,162,217,163,261,532,606,378,321,55,1
전라북도 완주군 고산면(4571036000),202209,95,159,193,179,293,455,499,306,140,14,1,105,111,118,128,204,346,425,347,317,57,0
전라북도 완주군 비봉면(4571037000),202209,20,66,63,46,103,187,223,152,81,8,0,24,43,47,38,76,140,194,142,138,41,2
전라북도 완주군 운주면(4571038000),202209,24,39,31,53,104,200,269,157,88,6,0,16,27,39,30,59,162,254,185,152,30,1
전라북도 완주군 화산면(4571039000),202209,24,116,108,63,148,272,328,203,106,12,0,41,87,77,44,113,169,263,198,221,48,2
전라북도 완주군 동상면(4571040000),202209,16,25,33,26,47,124,192,62,27,5,0,14,20,29,33,25,106,138,71,66,14,0
전라북도 완주군 경천면(4571041000),202209,7,20,30,24,48,100,139,81,53,4,0,8,21,15,18,29,75,125,91,88,10,0
전라북도 완주군 삼례읍(4571025000),202210,452,589,"1,093",981,"1,155","1,453","1,363",719,351,30,1,436,573,947,771,904,"1,088","1,270",855,692,126,2
전라북도 완주군 봉동읍(4571025300),202210,"1,232","1,833","1,527","1,488","2,593","2,161","1,565",790,331,33,1,"1,215","1,626","1,060","1,505","2,290","1,702","1,433",888,639,113,2
전라북도 완주군 용진읍(4571025600),202210,142,263,351,265,465,731,750,403,184,17,1,148,235,267,245,386,564,663,425,371,60,1
전라북도 완주군 상관면(4571032000),202210,119,193,179,152,314,431,416,254,105,8,0,101,179,134,135,277,354,383,261,173,36,0
전라북도 완주군 이서면(4571033000),202210,728,724,684,969,"1,343","1,163",908,437,184,17,0,719,716,637,"1,036","1,256","1,024",827,533,336,57,5
전라북도 완주군 소양면(4571034000),202210,95,153,268,201,297,588,744,440,196,18,1,100,146,194,156,206,534,688,412,340,63,2
전라북도 완주군 구이면(4571035000),202210,68,179,262,169,267,614,746,359,160,9,0,89,160,222,158,265,528,611,376,328,55,1
전라북도 완주군 고산면(4571036000),202210,98,160,192,177,289,456,496,307,140,14,1,104,113,116,126,206,346,426,341,322,58,0
전라북도 완주군 비봉면(4571037000),202210,21,64,62,46,104,185,226,152,83,7,0,23,43,49,37,75,139,196,144,137,42,2
전라북도 완주군 운주면(4571038000),202210,24,40,31,54,101,201,269,159,88,6,0,16,28,38,31,61,161,251,185,150,30,1
전라북도 완주군 화산면(4571039000),202210,23,115,107,63,144,273,320,203,106,12,0,41,87,77,44,110,168,260,198,220,50,1
전라북도 완주군 동상면(4571040000),202210,17,26,32,26,47,122,194,61,27,5,0,14,20,29,33,25,103,136,71,68,14,0
전라북도 완주군 경천면(4571041000),202210,5,20,29,24,47,99,137,84,52,4,0,8,19,16,16,29,75,125,90,89,11,0
전라북도 완주군 삼례읍(4571025000),202211,462,596,"1,082","1,016","1,173","1,457","1,367",720,352,31,1,452,571,956,799,920,"1,102","1,283",848,692,127,2
전라북도 완주군 봉동읍(4571025300),202211,"1,221","1,827","1,512","1,488","2,593","2,159","1,581",790,330,33,1,"1,203","1,624","1,064","1,490","2,284","1,715","1,447",888,646,114,3
전라북도 완주군 용진읍(4571025600),202211,136,265,351,260,470,732,752,407,184,18,1,146,236,269,239,382,565,662,429,374,60,1
전라북도 완주군 상관면(4571032000),202211,116,192,180,150,310,433,421,257,106,8,0,98,179,135,131,278,353,385,260,173,36,0
전라북도 완주군 이서면(4571033000),202211,711,727,678,958,"1,335","1,173",911,437,185,18,0,700,718,631,"1,028","1,250","1,022",830,532,338,58,5
전라북도 완주군 소양면(4571034000),202211,93,150,266,201,293,586,744,442,196,18,1,98,145,190,157,208,528,688,411,342,65,2
전라북도 완주군 구이면(4571035000),202211,66,181,259,171,266,612,752,360,161,9,0,91,159,220,157,259,524,623,376,328,57,1
전라북도 완주군 고산면(4571036000),202211,94,158,197,175,293,447,499,309,141,14,1,102,115,118,129,202,351,431,336,323,60,0
전라북도 완주군 비봉면(4571037000),202211,22,64,61,46,103,184,225,151,84,7,0,22,43,50,38,74,136,199,139,140,41,2
전라북도 완주군 운주면(4571038000),202211,23,39,32,52,99,199,274,158,88,6,0,16,28,37,30,61,157,253,185,152,29,1
전라북도 완주군 화산면(4571039000),202211,22,116,105,63,150,270,323,201,106,13,0,42,85,76,40,108,165,258,197,221,51,1
전라북도 완주군 동상면(4571040000),202211,18,25,32,25,47,117,196,60,26,5,0,14,19,29,33,24,103,136,71,69,14,0
전라북도 완주군 경천면(4571041000),202211,8,20,27,25,46,99,141,85,52,4,0,9,18,17,17,32,75,128,90,89,10,0
전라북도 완주군 삼례읍(4571025000),202212,554,658,"1,144","1,195","1,267","1,504","1,399",724,354,32,1,562,621,"1,024",948,"1,011","1,146","1,307",851,704,131,2
전라북도 완주군 봉동읍(4571025300),202212,"1,177","1,795","1,496","1,459","2,544","2,145","1,584",789,337,33,1,"1,161","1,597","1,064","1,444","2,225","1,719","1,454",883,653,109,3
전라북도 완주군 용진읍(4571025600),202212,132,264,355,258,466,734,752,411,182,18,0,141,236,265,236,385,566,660,432,372,58,1
전라북도 완주군 상관면(4571032000),202212,113,191,179,146,310,432,422,257,105,8,0,97,179,136,128,278,350,386,260,172,38,0
전라북도 완주군 이서면(4571033000),202212,699,733,682,948,"1,333","1,170",917,437,188,18,0,676,713,631,"1,019","1,249","1,015",832,531,337,59,5
전라북도 완주군 소양면(4571034000),202212,91,148,267,202,291,583,749,442,196,17,1,97,143,193,154,204,526,687,408,342,67,2
전라북도 완주군 구이면(4571035000),202212,67,180,269,167,265,617,749,362,164,9,0,91,155,222,158,256,526,616,376,329,56,3
전라북도 완주군 고산면(4571036000),202212,98,150,201,173,289,451,495,312,142,13,1,96,116,122,125,200,350,438,332,327,61,1
전라북도 완주군 비봉면(4571037000),202212,19,64,61,44,101,181,227,151,83,7,0,21,45,50,38,72,139,198,138,138,40,2
전라북도 완주군 운주면(4571038000),202212,23,39,32,50,98,199,273,160,87,7,0,16,28,35,30,60,155,254,182,157,30,0
전라북도 완주군 화산면(4571039000),202212,20,117,100,60,145,270,322,198,109,13,0,39,80,76,38,104,167,258,197,215,55,1
전라북도 완주군 동상면(4571040000),202212,16,24,32,23,48,114,203,60,26,5,0,14,20,28,34,23,105,137,71,69,14,0
전라북도 완주군 경천면(4571041000),202212,8,19,30,24,44,100,139,86,51,4,0,7,18,15,16,32,75,126,92,88,10,0
